Workbook

Sheet Sessions
D1: Session 1 | K1: Session 2 | R1: Session 3 | Y1: Session 4 | AF1: Session 5 | AM1: Session 6 | AT1: Session 7 | BA1: Session 8 | BH1: Session 9 | BO1: Session 10 | BV1: Session 11 | CC1: Session 12
A2: Routine | B2: Exercise | C2: Notes | D2: Date | E2: S1 Wt | F2: S1 Reps | G2: S2 Wt | H2: S2 Reps | I2: S3 Wt | J2: S3 Reps | K2: Date | L2: S1 Wt | M2: S1 Reps | N2: S2 Wt | O2: S2 Reps | P2: S3 Wt | Q2: S3 Reps | R2: Date | S2: S1 Wt | T2: S1 Reps | U2: S2 Wt | V2: S2 Reps | W2: S3 Wt | X2: S3 Reps | Y2: Date | Z2: S1 Wt | AA2: S1 Reps | AB2: S2 Wt | AC2: S2 Reps | AD2: S3 Wt | AE2: S3 Reps | AF2: Date | AG2: S1 Wt | AH2: S1 Reps | AI2: S2 Wt | AJ2: S2 Reps | AK2: S3 Wt | AL2: S3 Reps | AM2: Date | AN2: S1 Wt | AO2: S1 Reps | AP2: S2 Wt | AQ2: S2 Reps | AR2: S3 Wt | AS2: S3 Reps | AT2: Date | AU2: S1 Wt | AV2: S1 Reps | AW2: S2 Wt | AX2: S2 Reps | AY2: S3 Wt | AZ2: S3 Reps | BA2: Date | BB2: S1 Wt | BC2: S1 Reps | BD2: S2 Wt | BE2: S2 Reps | BF2: S3 Wt | BG2: S3 Reps | BH2: Date | BI2: S1 Wt | BJ2: S1 Reps | BK2: S2 Wt | BL2: S2 Reps | BM2: S3 Wt | BN2: S3 Reps | BO2: Date | BP2: S1 Wt | BQ2: S1 Reps | BR2: S2 Wt | BS2: S2 Reps | BT2: S3 Wt | BU2: S3 Reps | BV2: Date | BW2: S1 Wt | BX2: S1 Reps | BY2: S2 Wt | BZ2: S2 Reps | CA2: S3 Wt | CB2: S3 Reps | CC2: Date | CD2: S1 Wt | CE2: S1 Reps | CF2: S2 Wt | CG2: S2 Reps | CH2: S3 Wt | CI2: S3 Reps
A3: Lower Body - 1 | B3: Barbell Squat | E3: 30
B4: Lying Hamstring Curl | E4: 35
B5: Low Box Step Up | E5: 24
B6: Goblet Squat | E6: 12
B7: Pallof Press | C7: 3 sets, 10 per side | E7: N/A
A9: Lower Body - 2 | B9: Barbell Romaniam Deadlift | E9: 30
B10: Dumbbell Bulgarian Split Squat | E10: 5
B11: Single Leg Lying Hamstring Curl | E11: 15
B12: Leg Extension | E12: 35
B13: Banded Leg Raise (Dead Bug) | C13: 3 sets, 10 per side. | E13: N/A
A15: Upper Body - 1 | B15: Flat Dumbbell Press | C15: Superset with Lat Pulldown | E15: 15
B16: Lat Pull Down | E16: 45
B17: Cable Chest Fly | C17: Superset with Seated Row | E17: 15
B18: Seated Row | E18: 45
B19: Dumbbell Upright Row | E19: 10
B20: Dumbbel Side Raises | E20: 5
B21: Rope Tricep Extensions | C21: Max Effort, x 2 | E21: 20
B22: Incline Dumbbell Bicep Curl | C22: Max Effort, x 2 | E22: 8
A24: Upper Body - 2 | B24: Wide Grip Lat Pulldown | E24: 50
B25: Close Grip Barbell Bench Press | E25: 20
B26: T-Bar Row | C26: superset with overhead press | E26: 30
B27: Seated Dumbbell Overhead Press | E27: 12.5
B28: Dumbbell Hammer Curls | C28: Max Effort, x2 | E28: 9
B29: Overhead Tricep Extension | C29: Max Effort, x2 | E29: 5
A31: Lower Body 1b | B31: Pendulum Squat | E31: 5
B32: Split Leg Press | E32: 30
B33: Lying Hamstring Curl | E33: 35
B34: Leg Press | E34: 80
B35: Hanging Leg Raises | E35: N/A
B36: Single Leg Slant Board Calf Raise | E36: N/A
A38: Lower Body 2b | B38: Barbell Deadlift | E38: 30
B39: Lying Single Leg Hamgstring Curl | E39: 20
B40: Single Leg Press | E40: 30
B41: Calf Raises | E41: 25
B42: Ab Wheel Rollout | E42: N/A
A44: Upper Body 1b | B44: Incline Barbell Press | E44: 15
B45: Flat Dumbell Press | E45: 12.5
B46: Cable Chest Fly | E46: 15
B47: Bench Pull | E47: 50
B48: Half-Kneeling Lat Pulldown | C48: 2 sets | E48: 10
B49: Dumbbell Side Raises | C49: 2 sets | E49: 5
B50: Tricep Pushdowns | C50: 2 sets, max reps | E50: 20
B51: Preacher Curls | C51: 2 sets, max reps | E51: 9
A53: Upper Body 2b | B53: T-bar Row | E53: 35
B54: Close Grip Lat Pull Downs | E54: 50
B55: One Arm Dumbbell Row | E55: 15
B56: Incline Cable Chest Fly | E56: 15
B57: Chest Dips | C57: 2 sets | E57: N/A
B58: Dumbbell Hammer Curls | C58: 2 sets, max reps | E58: 9
B59: Body Weight Tricep Extensions | C59: 2 sets, max reps | E59: N/A

Sheet Personal Best
A1: Routine | B1: Exercise | C1: Best Weight | D1: Reps | E1: Date Achieved
A2: Lower Body - 1 | B2: =Sessions!B3 -> Barbell Squat | C2: =IF(MAX(_PB_calc!B2:AK2)=0,"",INDEX(_PB_calc!B2:AK2,MATCH(MAX(_PB_calc!DF2:EO2),_PB_calc!DF2:EO2,0))) -> 30 | D2: =IF(MAX(_PB_calc!B2:AK2)=0,"",INDEX(_PB_calc!AL2:BU2,MATCH(MAX(_PB_calc!DF2:EO2),_PB_calc!DF2:EO2,0))) -> 0 | E2: =IF(MAX(_PB_calc!B2:AK2)=0,"",INDEX(_PB_calc!BV2:DE2,MATCH(MAX(_PB_calc!DF2:EO2),_PB_calc!DF2:EO2,0))) -> 0
B3: =Sessions!B4 -> Lying Hamstring Curl | C3: =IF(MAX(_PB_calc!B3:AK3)=0,"",INDEX(_PB_calc!B3:AK3,MATCH(MAX(_PB_calc!DF3:EO3),_PB_calc!DF3:EO3,0))) -> 35 | D3: =IF(MAX(_PB_calc!B3:AK3)=0,"",INDEX(_PB_calc!AL3:BU3,MATCH(MAX(_PB_calc!DF3:EO3),_PB_calc!DF3:EO3,0))) -> 0 | E3: =IF(MAX(_PB_calc!B3:AK3)=0,"",INDEX(_PB_calc!BV3:DE3,MATCH(MAX(_PB_calc!DF3:EO3),_PB_calc!DF3:EO3,0))) -> 0
B4: =Sessions!B5 -> Low Box Step Up | C4: =IF(MAX(_PB_calc!B4:AK4)=0,"",INDEX(_PB_calc!B4:AK4,MATCH(MAX(_PB_calc!DF4:EO4),_PB_calc!DF4:EO4,0))) -> 24 | D4: =IF(MAX(_PB_calc!B4:AK4)=0,"",INDEX(_PB_calc!AL4:BU4,MATCH(MAX(_PB_calc!DF4:EO4),_PB_calc!DF4:EO4,0))) -> 0 | E4: =IF(MAX(_PB_calc!B4:AK4)=0,"",INDEX(_PB_calc!BV4:DE4,MATCH(MAX(_PB_calc!DF4:EO4),_PB_calc!DF4:EO4,0))) -> 0
B5: =Sessions!B6 -> Goblet Squat | C5: =IF(MAX(_PB_calc!B5:AK5)=0,"",INDEX(_PB_calc!B5:AK5,MATCH(MAX(_PB_calc!DF5:EO5),_PB_calc!DF5:EO5,0))) -> 12 | D5: =IF(MAX(_PB_calc!B5:AK5)=0,"",INDEX(_PB_calc!AL5:BU5,MATCH(MAX(_PB_calc!DF5:EO5),_PB_calc!DF5:EO5,0))) -> 0 | E5: =IF(MAX(_PB_calc!B5:AK5)=0,"",INDEX(_PB_calc!BV5:DE5,MATCH(MAX(_PB_calc!DF5:EO5),_PB_calc!DF5:EO5,0))) -> 0
B6: =Sessions!B7 -> Pallof Press | C6: =IF(MAX(_PB_calc!B6:AK6)=0,"",INDEX(_PB_calc!B6:AK6,MATCH(MAX(_PB_calc!DF6:EO6),_PB_calc!DF6:EO6,0))) | D6: =IF(MAX(_PB_calc!B6:AK6)=0,"",INDEX(_PB_calc!AL6:BU6,MATCH(MAX(_PB_calc!DF6:EO6),_PB_calc!DF6:EO6,0))) | E6: =IF(MAX(_PB_calc!B6:AK6)=0,"",INDEX(_PB_calc!BV6:DE6,MATCH(MAX(_PB_calc!DF6:EO6),_PB_calc!DF6:EO6,0)))
A7: Lower Body - 2 | B7: =Sessions!B9 -> Barbell Romaniam Deadlift | C7: =IF(MAX(_PB_calc!B7:AK7)=0,"",INDEX(_PB_calc!B7:AK7,MATCH(MAX(_PB_calc!DF7:EO7),_PB_calc!DF7:EO7,0))) -> 30 | D7: =IF(MAX(_PB_calc!B7:AK7)=0,"",INDEX(_PB_calc!AL7:BU7,MATCH(MAX(_PB_calc!DF7:EO7),_PB_calc!DF7:EO7,0))) -> 0 | E7: =IF(MAX(_PB_calc!B7:AK7)=0,"",INDEX(_PB_calc!BV7:DE7,MATCH(MAX(_PB_calc!DF7:EO7),_PB_calc!DF7:EO7,0))) -> 0
B8: =Sessions!B10 -> Dumbbell Bulgarian Split Squat | C8: =IF(MAX(_PB_calc!B8:AK8)=0,"",INDEX(_PB_calc!B8:AK8,MATCH(MAX(_PB_calc!DF8:EO8),_PB_calc!DF8:EO8,0))) -> 5 | D8: =IF(MAX(_PB_calc!B8:AK8)=0,"",INDEX(_PB_calc!AL8:BU8,MATCH(MAX(_PB_calc!DF8:EO8),_PB_calc!DF8:EO8,0))) -> 0 | E8: =IF(MAX(_PB_calc!B8:AK8)=0,"",INDEX(_PB_calc!BV8:DE8,MATCH(MAX(_PB_calc!DF8:EO8),_PB_calc!DF8:EO8,0))) -> 0
B9: =Sessions!B11 -> Single Leg Lying Hamstring Curl | C9: =IF(MAX(_PB_calc!B9:AK9)=0,"",INDEX(_PB_calc!B9:AK9,MATCH(MAX(_PB_calc!DF9:EO9),_PB_calc!DF9:EO9,0))) -> 15 | D9: =IF(MAX(_PB_calc!B9:AK9)=0,"",INDEX(_PB_calc!AL9:BU9,MATCH(MAX(_PB_calc!DF9:EO9),_PB_calc!DF9:EO9,0))) -> 0 | E9: =IF(MAX(_PB_calc!B9:AK9)=0,"",INDEX(_PB_calc!BV9:DE9,MATCH(MAX(_PB_calc!DF9:EO9),_PB_calc!DF9:EO9,0))) -> 0
B10: =Sessions!B12 -> Leg Extension | C10: =IF(MAX(_PB_calc!B10:AK10)=0,"",INDEX(_PB_calc!B10:AK10,MATCH(MAX(_PB_calc!DF10:EO10),_PB_calc!DF10:EO10,0))) -> 35 | D10: =IF(MAX(_PB_calc!B10:AK10)=0,"",INDEX(_PB_calc!AL10:BU10,MATCH(MAX(_PB_calc!DF10:EO10),_PB_calc!DF10:EO10,0))) -> 0 | E10: =IF(MAX(_PB_calc!B10:AK10)=0,"",INDEX(_PB_calc!BV10:DE10,MATCH(MAX(_PB_calc!DF10:EO10),_PB_calc!DF10:EO10,0))) -> 0
B11: =Sessions!B13 -> Banded Leg Raise (Dead Bug) | C11: =IF(MAX(_PB_calc!B11:AK11)=0,"",INDEX(_PB_calc!B11:AK11,MATCH(MAX(_PB_calc!DF11:EO11),_PB_calc!DF11:EO11,0))) | D11: =IF(MAX(_PB_calc!B11:AK11)=0,"",INDEX(_PB_calc!AL11:BU11,MATCH(MAX(_PB_calc!DF11:EO11),_PB_calc!DF11:EO11,0))) | E11: =IF(MAX(_PB_calc!B11:AK11)=0,"",INDEX(_PB_calc!BV11:DE11,MATCH(MAX(_PB_calc!DF11:EO11),_PB_calc!DF11:EO11,0)))
A12: Upper Body - 1 | B12: =Sessions!B15 -> Flat Dumbbell Press | C12: =IF(MAX(_PB_calc!B12:AK12)=0,"",INDEX(_PB_calc!B12:AK12,MATCH(MAX(_PB_calc!DF12:EO12),_PB_calc!DF12:EO12,0))) -> 15 | D12: =IF(MAX(_PB_calc!B12:AK12)=0,"",INDEX(_PB_calc!AL12:BU12,MATCH(MAX(_PB_calc!DF12:EO12),_PB_calc!DF12:EO12,0))) -> 0 | E12: =IF(MAX(_PB_calc!B12:AK12)=0,"",INDEX(_PB_calc!BV12:DE12,MATCH(MAX(_PB_calc!DF12:EO12),_PB_calc!DF12:EO12,0))) -> 0
B13: =Sessions!B16 -> Lat Pull Down | C13: =IF(MAX(_PB_calc!B13:AK13)=0,"",INDEX(_PB_calc!B13:AK13,MATCH(MAX(_PB_calc!DF13:EO13),_PB_calc!DF13:EO13,0))) -> 45 | D13: =IF(MAX(_PB_calc!B13:AK13)=0,"",INDEX(_PB_calc!AL13:BU13,MATCH(MAX(_PB_calc!DF13:EO13),_PB_calc!DF13:EO13,0))) -> 0 | E13: =IF(MAX(_PB_calc!B13:AK13)=0,"",INDEX(_PB_calc!BV13:DE13,MATCH(MAX(_PB_calc!DF13:EO13),_PB_calc!DF13:EO13,0))) -> 0
B14: =Sessions!B17 -> Cable Chest Fly | C14: =IF(MAX(_PB_calc!B14:AK14)=0,"",INDEX(_PB_calc!B14:AK14,MATCH(MAX(_PB_calc!DF14:EO14),_PB_calc!DF14:EO14,0))) -> 15 | D14: =IF(MAX(_PB_calc!B14:AK14)=0,"",INDEX(_PB_calc!AL14:BU14,MATCH(MAX(_PB_calc!DF14:EO14),_PB_calc!DF14:EO14,0))) -> 0 | E14: =IF(MAX(_PB_calc!B14:AK14)=0,"",INDEX(_PB_calc!BV14:DE14,MATCH(MAX(_PB_calc!DF14:EO14),_PB_calc!DF14:EO14,0))) -> 0
B15: =Sessions!B18 -> Seated Row | C15: =IF(MAX(_PB_calc!B15:AK15)=0,"",INDEX(_PB_calc!B15:AK15,MATCH(MAX(_PB_calc!DF15:EO15),_PB_calc!DF15:EO15,0))) -> 45 | D15: =IF(MAX(_PB_calc!B15:AK15)=0,"",INDEX(_PB_calc!AL15:BU15,MATCH(MAX(_PB_calc!DF15:EO15),_PB_calc!DF15:EO15,0))) -> 0 | E15: =IF(MAX(_PB_calc!B15:AK15)=0,"",INDEX(_PB_calc!BV15:DE15,MATCH(MAX(_PB_calc!DF15:EO15),_PB_calc!DF15:EO15,0))) -> 0
B16: =Sessions!B19 -> Dumbbell Upright Row | C16: =IF(MAX(_PB_calc!B16:AK16)=0,"",INDEX(_PB_calc!B16:AK16,MATCH(MAX(_PB_calc!DF16:EO16),_PB_calc!DF16:EO16,0))) -> 10 | D16: =IF(MAX(_PB_calc!B16:AK16)=0,"",INDEX(_PB_calc!AL16:BU16,MATCH(MAX(_PB_calc!DF16:EO16),_PB_calc!DF16:EO16,0))) -> 0 | E16: =IF(MAX(_PB_calc!B16:AK16)=0,"",INDEX(_PB_calc!BV16:DE16,MATCH(MAX(_PB_calc!DF16:EO16),_PB_calc!DF16:EO16,0))) -> 0
B17: =Sessions!B20 -> Dumbbel Side Raises | C17: =IF(MAX(_PB_calc!B17:AK17)=0,"",INDEX(_PB_calc!B17:AK17,MATCH(MAX(_PB_calc!DF17:EO17),_PB_calc!DF17:EO17,0))) -> 5 | D17: =IF(MAX(_PB_calc!B17:AK17)=0,"",INDEX(_PB_calc!AL17:BU17,MATCH(MAX(_PB_calc!DF17:EO17),_PB_calc!DF17:EO17,0))) -> 0 | E17: =IF(MAX(_PB_calc!B17:AK17)=0,"",INDEX(_PB_calc!BV17:DE17,MATCH(MAX(_PB_calc!DF17:EO17),_PB_calc!DF17:EO17,0))) -> 0
B18: =Sessions!B21 -> Rope Tricep Extensions | C18: =IF(MAX(_PB_calc!B18:AK18)=0,"",INDEX(_PB_calc!B18:AK18,MATCH(MAX(_PB_calc!DF18:EO18),_PB_calc!DF18:EO18,0))) -> 20 | D18: =IF(MAX(_PB_calc!B18:AK18)=0,"",INDEX(_PB_calc!AL18:BU18,MATCH(MAX(_PB_calc!DF18:EO18),_PB_calc!DF18:EO18,0))) -> 0 | E18: =IF(MAX(_PB_calc!B18:AK18)=0,"",INDEX(_PB_calc!BV18:DE18,MATCH(MAX(_PB_calc!DF18:EO18),_PB_calc!DF18:EO18,0))) -> 0
B19: =Sessions!B22 -> Incline Dumbbell Bicep Curl | C19: =IF(MAX(_PB_calc!B19:AK19)=0,"",INDEX(_PB_calc!B19:AK19,MATCH(MAX(_PB_calc!DF19:EO19),_PB_calc!DF19:EO19,0))) -> 8 | D19: =IF(MAX(_PB_calc!B19:AK19)=0,"",INDEX(_PB_calc!AL19:BU19,MATCH(MAX(_PB_calc!DF19:EO19),_PB_calc!DF19:EO19,0))) -> 0 | E19: =IF(MAX(_PB_calc!B19:AK19)=0,"",INDEX(_PB_calc!BV19:DE19,MATCH(MAX(_PB_calc!DF19:EO19),_PB_calc!DF19:EO19,0))) -> 0
A20: Upper Body - 2 | B20: =Sessions!B24 -> Wide Grip Lat Pulldown | C20: =IF(MAX(_PB_calc!B20:AK20)=0,"",INDEX(_PB_calc!B20:AK20,MATCH(MAX(_PB_calc!DF20:EO20),_PB_calc!DF20:EO20,0))) -> 50 | D20: =IF(MAX(_PB_calc!B20:AK20)=0,"",INDEX(_PB_calc!AL20:BU20,MATCH(MAX(_PB_calc!DF20:EO20),_PB_calc!DF20:EO20,0))) -> 0 | E20: =IF(MAX(_PB_calc!B20:AK20)=0,"",INDEX(_PB_calc!BV20:DE20,MATCH(MAX(_PB_calc!DF20:EO20),_PB_calc!DF20:EO20,0))) -> 0
B21: =Sessions!B25 -> Close Grip Barbell Bench Press | C21: =IF(MAX(_PB_calc!B21:AK21)=0,"",INDEX(_PB_calc!B21:AK21,MATCH(MAX(_PB_calc!DF21:EO21),_PB_calc!DF21:EO21,0))) -> 20 | D21: =IF(MAX(_PB_calc!B21:AK21)=0,"",INDEX(_PB_calc!AL21:BU21,MATCH(MAX(_PB_calc!DF21:EO21),_PB_calc!DF21:EO21,0))) -> 0 | E21: =IF(MAX(_PB_calc!B21:AK21)=0,"",INDEX(_PB_calc!BV21:DE21,MATCH(MAX(_PB_calc!DF21:EO21),_PB_calc!DF21:EO21,0))) -> 0
B22: =Sessions!B26 -> T-Bar Row | C22: =IF(MAX(_PB_calc!B22:AK22)=0,"",INDEX(_PB_calc!B22:AK22,MATCH(MAX(_PB_calc!DF22:EO22),_PB_calc!DF22:EO22,0))) -> 30 | D22: =IF(MAX(_PB_calc!B22:AK22)=0,"",INDEX(_PB_calc!AL22:BU22,MATCH(MAX(_PB_calc!DF22:EO22),_PB_calc!DF22:EO22,0))) -> 0 | E22: =IF(MAX(_PB_calc!B22:AK22)=0,"",INDEX(_PB_calc!BV22:DE22,MATCH(MAX(_PB_calc!DF22:EO22),_PB_calc!DF22:EO22,0))) -> 0
B23: =Sessions!B27 -> Seated Dumbbell Overhead Press | C23: =IF(MAX(_PB_calc!B23:AK23)=0,"",INDEX(_PB_calc!B23:AK23,MATCH(MAX(_PB_calc!DF23:EO23),_PB_calc!DF23:EO23,0))) -> 12.5 | D23: =IF(MAX(_PB_calc!B23:AK23)=0,"",INDEX(_PB_calc!AL23:BU23,MATCH(MAX(_PB_calc!DF23:EO23),_PB_calc!DF23:EO23,0))) -> 0 | E23: =IF(MAX(_PB_calc!B23:AK23)=0,"",INDEX(_PB_calc!BV23:DE23,MATCH(MAX(_PB_calc!DF23:EO23),_PB_calc!DF23:EO23,0))) -> 0
B24: =Sessions!B28 -> Dumbbell Hammer Curls | C24: =IF(MAX(_PB_calc!B24:AK24)=0,"",INDEX(_PB_calc!B24:AK24,MATCH(MAX(_PB_calc!DF24:EO24),_PB_calc!DF24:EO24,0))) -> 9 | D24: =IF(MAX(_PB_calc!B24:AK24)=0,"",INDEX(_PB_calc!AL24:BU24,MATCH(MAX(_PB_calc!DF24:EO24),_PB_calc!DF24:EO24,0))) -> 0 | E24: =IF(MAX(_PB_calc!B24:AK24)=0,"",INDEX(_PB_calc!BV24:DE24,MATCH(MAX(_PB_calc!DF24:EO24),_PB_calc!DF24:EO24,0))) -> 0
B25: =Sessions!B29 -> Overhead Tricep Extension | C25: =IF(MAX(_PB_calc!B25:AK25)=0,"",INDEX(_PB_calc!B25:AK25,MATCH(MAX(_PB_calc!DF25:EO25),_PB_calc!DF25:EO25,0))) -> 5 | D25: =IF(MAX(_PB_calc!B25:AK25)=0,"",INDEX(_PB_calc!AL25:BU25,MATCH(MAX(_PB_calc!DF25:EO25),_PB_calc!DF25:EO25,0))) -> 0 | E25: =IF(MAX(_PB_calc!B25:AK25)=0,"",INDEX(_PB_calc!BV25:DE25,MATCH(MAX(_PB_calc!DF25:EO25),_PB_calc!DF25:EO25,0))) -> 0
A26: Lower Body 1b | B26: =Sessions!B31 -> Pendulum Squat | C26: =IF(MAX(_PB_calc!B26:AK26)=0,"",INDEX(_PB_calc!B26:AK26,MATCH(MAX(_PB_calc!DF26:EO26),_PB_calc!DF26:EO26,0))) -> 5 | D26: =IF(MAX(_PB_calc!B26:AK26)=0,"",INDEX(_PB_calc!AL26:BU26,MATCH(MAX(_PB_calc!DF26:EO26),_PB_calc!DF26:EO26,0))) -> 0 | E26: =IF(MAX(_PB_calc!B26:AK26)=0,"",INDEX(_PB_calc!BV26:DE26,MATCH(MAX(_PB_calc!DF26:EO26),_PB_calc!DF26:EO26,0))) -> 0
B27: =Sessions!B32 -> Split Leg Press | C27: =IF(MAX(_PB_calc!B27:AK27)=0,"",INDEX(_PB_calc!B27:AK27,MATCH(MAX(_PB_calc!DF27:EO27),_PB_calc!DF27:EO27,0))) -> 30 | D27: =IF(MAX(_PB_calc!B27:AK27)=0,"",INDEX(_PB_calc!AL27:BU27,MATCH(MAX(_PB_calc!DF27:EO27),_PB_calc!DF27:EO27,0))) -> 0 | E27: =IF(MAX(_PB_calc!B27:AK27)=0,"",INDEX(_PB_calc!BV27:DE27,MATCH(MAX(_PB_calc!DF27:EO27),_PB_calc!DF27:EO27,0))) -> 0
B28: =Sessions!B33 -> Lying Hamstring Curl | C28: =IF(MAX(_PB_calc!B28:AK28)=0,"",INDEX(_PB_calc!B28:AK28,MATCH(MAX(_PB_calc!DF28:EO28),_PB_calc!DF28:EO28,0))) -> 35 | D28: =IF(MAX(_PB_calc!B28:AK28)=0,"",INDEX(_PB_calc!AL28:BU28,MATCH(MAX(_PB_calc!DF28:EO28),_PB_calc!DF28:EO28,0))) -> 0 | E28: =IF(MAX(_PB_calc!B28:AK28)=0,"",INDEX(_PB_calc!BV28:DE28,MATCH(MAX(_PB_calc!DF28:EO28),_PB_calc!DF28:EO28,0))) -> 0
B29: =Sessions!B34 -> Leg Press | C29: =IF(MAX(_PB_calc!B29:AK29)=0,"",INDEX(_PB_calc!B29:AK29,MATCH(MAX(_PB_calc!DF29:EO29),_PB_calc!DF29:EO29,0))) -> 80 | D29: =IF(MAX(_PB_calc!B29:AK29)=0,"",INDEX(_PB_calc!AL29:BU29,MATCH(MAX(_PB_calc!DF29:EO29),_PB_calc!DF29:EO29,0))) -> 0 | E29: =IF(MAX(_PB_calc!B29:AK29)=0,"",INDEX(_PB_calc!BV29:DE29,MATCH(MAX(_PB_calc!DF29:EO29),_PB_calc!DF29:EO29,0))) -> 0
B30: =Sessions!B35 -> Hanging Leg Raises | C30: =IF(MAX(_PB_calc!B30:AK30)=0,"",INDEX(_PB_calc!B30:AK30,MATCH(MAX(_PB_calc!DF30:EO30),_PB_calc!DF30:EO30,0))) | D30: =IF(MAX(_PB_calc!B30:AK30)=0,"",INDEX(_PB_calc!AL30:BU30,MATCH(MAX(_PB_calc!DF30:EO30),_PB_calc!DF30:EO30,0))) | E30: =IF(MAX(_PB_calc!B30:AK30)=0,"",INDEX(_PB_calc!BV30:DE30,MATCH(MAX(_PB_calc!DF30:EO30),_PB_calc!DF30:EO30,0)))
B31: =Sessions!B36 -> Single Leg Slant Board Calf Raise | C31: =IF(MAX(_PB_calc!B31:AK31)=0,"",INDEX(_PB_calc!B31:AK31,MATCH(MAX(_PB_calc!DF31:EO31),_PB_calc!DF31:EO31,0))) | D31: =IF(MAX(_PB_calc!B31:AK31)=0,"",INDEX(_PB_calc!AL31:BU31,MATCH(MAX(_PB_calc!DF31:EO31),_PB_calc!DF31:EO31,0))) | E31: =IF(MAX(_PB_calc!B31:AK31)=0,"",INDEX(_PB_calc!BV31:DE31,MATCH(MAX(_PB_calc!DF31:EO31),_PB_calc!DF31:EO31,0)))
A32: Lower Body 2b | B32: =Sessions!B38 -> Barbell Deadlift | C32: =IF(MAX(_PB_calc!B32:AK32)=0,"",INDEX(_PB_calc!B32:AK32,MATCH(MAX(_PB_calc!DF32:EO32),_PB_calc!DF32:EO32,0))) -> 30 | D32: =IF(MAX(_PB_calc!B32:AK32)=0,"",INDEX(_PB_calc!AL32:BU32,MATCH(MAX(_PB_calc!DF32:EO32),_PB_calc!DF32:EO32,0))) -> 0 | E32: =IF(MAX(_PB_calc!B32:AK32)=0,"",INDEX(_PB_calc!BV32:DE32,MATCH(MAX(_PB_calc!DF32:EO32),_PB_calc!DF32:EO32,0))) -> 0
B33: =Sessions!B39 -> Lying Single Leg Hamgstring Curl | C33: =IF(MAX(_PB_calc!B33:AK33)=0,"",INDEX(_PB_calc!B33:AK33,MATCH(MAX(_PB_calc!DF33:EO33),_PB_calc!DF33:EO33,0))) -> 20 | D33: =IF(MAX(_PB_calc!B33:AK33)=0,"",INDEX(_PB_calc!AL33:BU33,MATCH(MAX(_PB_calc!DF33:EO33),_PB_calc!DF33:EO33,0))) -> 0 | E33: =IF(MAX(_PB_calc!B33:AK33)=0,"",INDEX(_PB_calc!BV33:DE33,MATCH(MAX(_PB_calc!DF33:EO33),_PB_calc!DF33:EO33,0))) -> 0
B34: =Sessions!B40 -> Single Leg Press | C34: =IF(MAX(_PB_calc!B34:AK34)=0,"",INDEX(_PB_calc!B34:AK34,MATCH(MAX(_PB_calc!DF34:EO34),_PB_calc!DF34:EO34,0))) -> 30 | D34: =IF(MAX(_PB_calc!B34:AK34)=0,"",INDEX(_PB_calc!AL34:BU34,MATCH(MAX(_PB_calc!DF34:EO34),_PB_calc!DF34:EO34,0))) -> 0 | E34: =IF(MAX(_PB_calc!B34:AK34)=0,"",INDEX(_PB_calc!BV34:DE34,MATCH(MAX(_PB_calc!DF34:EO34),_PB_calc!DF34:EO34,0))) -> 0
B35: =Sessions!B41 -> Calf Raises | C35: =IF(MAX(_PB_calc!B35:AK35)=0,"",INDEX(_PB_calc!B35:AK35,MATCH(MAX(_PB_calc!DF35:EO35),_PB_calc!DF35:EO35,0))) -> 25 | D35: =IF(MAX(_PB_calc!B35:AK35)=0,"",INDEX(_PB_calc!AL35:BU35,MATCH(MAX(_PB_calc!DF35:EO35),_PB_calc!DF35:EO35,0))) -> 0 | E35: =IF(MAX(_PB_calc!B35:AK35)=0,"",INDEX(_PB_calc!BV35:DE35,MATCH(MAX(_PB_calc!DF35:EO35),_PB_calc!DF35:EO35,0))) -> 0
B36: =Sessions!B42 -> Ab Wheel Rollout | C36: =IF(MAX(_PB_calc!B36:AK36)=0,"",INDEX(_PB_calc!B36:AK36,MATCH(MAX(_PB_calc!DF36:EO36),_PB_calc!DF36:EO36,0))) | D36: =IF(MAX(_PB_calc!B36:AK36)=0,"",INDEX(_PB_calc!AL36:BU36,MATCH(MAX(_PB_calc!DF36:EO36),_PB_calc!DF36:EO36,0))) | E36: =IF(MAX(_PB_calc!B36:AK36)=0,"",INDEX(_PB_calc!BV36:DE36,MATCH(MAX(_PB_calc!DF36:EO36),_PB_calc!DF36:EO36,0)))
A37: Upper Body 1b | B37: =Sessions!B44 -> Incline Barbell Press | C37: =IF(MAX(_PB_calc!B37:AK37)=0,"",INDEX(_PB_calc!B37:AK37,MATCH(MAX(_PB_calc!DF37:EO37),_PB_calc!DF37:EO37,0))) -> 15 | D37: =IF(MAX(_PB_calc!B37:AK37)=0,"",INDEX(_PB_calc!AL37:BU37,MATCH(MAX(_PB_calc!DF37:EO37),_PB_calc!DF37:EO37,0))) -> 0 | E37: =IF(MAX(_PB_calc!B37:AK37)=0,"",INDEX(_PB_calc!BV37:DE37,MATCH(MAX(_PB_calc!DF37:EO37),_PB_calc!DF37:EO37,0))) -> 0
B38: =Sessions!B45 -> Flat Dumbell Press | C38: =IF(MAX(_PB_calc!B38:AK38)=0,"",INDEX(_PB_calc!B38:AK38,MATCH(MAX(_PB_calc!DF38:EO38),_PB_calc!DF38:EO38,0))) -> 12.5 | D38: =IF(MAX(_PB_calc!B38:AK38)=0,"",INDEX(_PB_calc!AL38:BU38,MATCH(MAX(_PB_calc!DF38:EO38),_PB_calc!DF38:EO38,0))) -> 0 | E38: =IF(MAX(_PB_calc!B38:AK38)=0,"",INDEX(_PB_calc!BV38:DE38,MATCH(MAX(_PB_calc!DF38:EO38),_PB_calc!DF38:EO38,0))) -> 0
B39: =Sessions!B46 -> Cable Chest Fly | C39: =IF(MAX(_PB_calc!B39:AK39)=0,"",INDEX(_PB_calc!B39:AK39,MATCH(MAX(_PB_calc!DF39:EO39),_PB_calc!DF39:EO39,0))) -> 15 | D39: =IF(MAX(_PB_calc!B39:AK39)=0,"",INDEX(_PB_calc!AL39:BU39,MATCH(MAX(_PB_calc!DF39:EO39),_PB_calc!DF39:EO39,0))) -> 0 | E39: =IF(MAX(_PB_calc!B39:AK39)=0,"",INDEX(_PB_calc!BV39:DE39,MATCH(MAX(_PB_calc!DF39:EO39),_PB_calc!DF39:EO39,0))) -> 0
B40: =Sessions!B47 -> Bench Pull | C40: =IF(MAX(_PB_calc!B40:AK40)=0,"",INDEX(_PB_calc!B40:AK40,MATCH(MAX(_PB_calc!DF40:EO40),_PB_calc!DF40:EO40,0))) -> 50 | D40: =IF(MAX(_PB_calc!B40:AK40)=0,"",INDEX(_PB_calc!AL40:BU40,MATCH(MAX(_PB_calc!DF40:EO40),_PB_calc!DF40:EO40,0))) -> 0 | E40: =IF(MAX(_PB_calc!B40:AK40)=0,"",INDEX(_PB_calc!BV40:DE40,MATCH(MAX(_PB_calc!DF40:EO40),_PB_calc!DF40:EO40,0))) -> 0
B41: =Sessions!B48 -> Half-Kneeling Lat Pulldown | C41: =IF(MAX(_PB_calc!B41:AK41)=0,"",INDEX(_PB_calc!B41:AK41,MATCH(MAX(_PB_calc!DF41:EO41),_PB_calc!DF41:EO41,0))) -> 10 | D41: =IF(MAX(_PB_calc!B41:AK41)=0,"",INDEX(_PB_calc!AL41:BU41,MATCH(MAX(_PB_calc!DF41:EO41),_PB_calc!DF41:EO41,0))) -> 0 | E41: =IF(MAX(_PB_calc!B41:AK41)=0,"",INDEX(_PB_calc!BV41:DE41,MATCH(MAX(_PB_calc!DF41:EO41),_PB_calc!DF41:EO41,0))) -> 0
B42: =Sessions!B49 -> Dumbbell Side Raises | C42: =IF(MAX(_PB_calc!B42:AK42)=0,"",INDEX(_PB_calc!B42:AK42,MATCH(MAX(_PB_calc!DF42:EO42),_PB_calc!DF42:EO42,0))) -> 5 | D42: =IF(MAX(_PB_calc!B42:AK42)=0,"",INDEX(_PB_calc!AL42:BU42,MATCH(MAX(_PB_calc!DF42:EO42),_PB_calc!DF42:EO42,0))) -> 0 | E42: =IF(MAX(_PB_calc!B42:AK42)=0,"",INDEX(_PB_calc!BV42:DE42,MATCH(MAX(_PB_calc!DF42:EO42),_PB_calc!DF42:EO42,0))) -> 0
B43: =Sessions!B50 -> Tricep Pushdowns | C43: =IF(MAX(_PB_calc!B43:AK43)=0,"",INDEX(_PB_calc!B43:AK43,MATCH(MAX(_PB_calc!DF43:EO43),_PB_calc!DF43:EO43,0))) -> 20 | D43: =IF(MAX(_PB_calc!B43:AK43)=0,"",INDEX(_PB_calc!AL43:BU43,MATCH(MAX(_PB_calc!DF43:EO43),_PB_calc!DF43:EO43,0))) -> 0 | E43: =IF(MAX(_PB_calc!B43:AK43)=0,"",INDEX(_PB_calc!BV43:DE43,MATCH(MAX(_PB_calc!DF43:EO43),_PB_calc!DF43:EO43,0))) -> 0
B44: =Sessions!B51 -> Preacher Curls | C44: =IF(MAX(_PB_calc!B44:AK44)=0,"",INDEX(_PB_calc!B44:AK44,MATCH(MAX(_PB_calc!DF44:EO44),_PB_calc!DF44:EO44,0))) -> 9 | D44: =IF(MAX(_PB_calc!B44:AK44)=0,"",INDEX(_PB_calc!AL44:BU44,MATCH(MAX(_PB_calc!DF44:EO44),_PB_calc!DF44:EO44,0))) -> 0 | E44: =IF(MAX(_PB_calc!B44:AK44)=0,"",INDEX(_PB_calc!BV44:DE44,MATCH(MAX(_PB_calc!DF44:EO44),_PB_calc!DF44:EO44,0))) -> 0
A45: Upper Body 2b | B45: =Sessions!B53 -> T-bar Row | C45: =IF(MAX(_PB_calc!B45:AK45)=0,"",INDEX(_PB_calc!B45:AK45,MATCH(MAX(_PB_calc!DF45:EO45),_PB_calc!DF45:EO45,0))) -> 35 | D45: =IF(MAX(_PB_calc!B45:AK45)=0,"",INDEX(_PB_calc!AL45:BU45,MATCH(MAX(_PB_calc!DF45:EO45),_PB_calc!DF45:EO45,0))) -> 0 | E45: =IF(MAX(_PB_calc!B45:AK45)=0,"",INDEX(_PB_calc!BV45:DE45,MATCH(MAX(_PB_calc!DF45:EO45),_PB_calc!DF45:EO45,0))) -> 0
B46: =Sessions!B54 -> Close Grip Lat Pull Downs | C46: =IF(MAX(_PB_calc!B46:AK46)=0,"",INDEX(_PB_calc!B46:AK46,MATCH(MAX(_PB_calc!DF46:EO46),_PB_calc!DF46:EO46,0))) -> 50 | D46: =IF(MAX(_PB_calc!B46:AK46)=0,"",INDEX(_PB_calc!AL46:BU46,MATCH(MAX(_PB_calc!DF46:EO46),_PB_calc!DF46:EO46,0))) -> 0 | E46: =IF(MAX(_PB_calc!B46:AK46)=0,"",INDEX(_PB_calc!BV46:DE46,MATCH(MAX(_PB_calc!DF46:EO46),_PB_calc!DF46:EO46,0))) -> 0
B47: =Sessions!B55 -> One Arm Dumbbell Row | C47: =IF(MAX(_PB_calc!B47:AK47)=0,"",INDEX(_PB_calc!B47:AK47,MATCH(MAX(_PB_calc!DF47:EO47),_PB_calc!DF47:EO47,0))) -> 15 | D47: =IF(MAX(_PB_calc!B47:AK47)=0,"",INDEX(_PB_calc!AL47:BU47,MATCH(MAX(_PB_calc!DF47:EO47),_PB_calc!DF47:EO47,0))) -> 0 | E47: =IF(MAX(_PB_calc!B47:AK47)=0,"",INDEX(_PB_calc!BV47:DE47,MATCH(MAX(_PB_calc!DF47:EO47),_PB_calc!DF47:EO47,0))) -> 0
B48: =Sessions!B56 -> Incline Cable Chest Fly | C48: =IF(MAX(_PB_calc!B48:AK48)=0,"",INDEX(_PB_calc!B48:AK48,MATCH(MAX(_PB_calc!DF48:EO48),_PB_calc!DF48:EO48,0))) -> 15 | D48: =IF(MAX(_PB_calc!B48:AK48)=0,"",INDEX(_PB_calc!AL48:BU48,MATCH(MAX(_PB_calc!DF48:EO48),_PB_calc!DF48:EO48,0))) -> 0 | E48: =IF(MAX(_PB_calc!B48:AK48)=0,"",INDEX(_PB_calc!BV48:DE48,MATCH(MAX(_PB_calc!DF48:EO48),_PB_calc!DF48:EO48,0))) -> 0
B49: =Sessions!B57 -> Chest Dips | C49: =IF(MAX(_PB_calc!B49:AK49)=0,"",INDEX(_PB_calc!B49:AK49,MATCH(MAX(_PB_calc!DF49:EO49),_PB_calc!DF49:EO49,0))) | D49: =IF(MAX(_PB_calc!B49:AK49)=0,"",INDEX(_PB_calc!AL49:BU49,MATCH(MAX(_PB_calc!DF49:EO49),_PB_calc!DF49:EO49,0))) | E49: =IF(MAX(_PB_calc!B49:AK49)=0,"",INDEX(_PB_calc!BV49:DE49,MATCH(MAX(_PB_calc!DF49:EO49),_PB_calc!DF49:EO49,0)))
B50: =Sessions!B58 -> Dumbbell Hammer Curls | C50: =IF(MAX(_PB_calc!B50:AK50)=0,"",INDEX(_PB_calc!B50:AK50,MATCH(MAX(_PB_calc!DF50:EO50),_PB_calc!DF50:EO50,0))) -> 9 | D50: =IF(MAX(_PB_calc!B50:AK50)=0,"",INDEX(_PB_calc!AL50:BU50,MATCH(MAX(_PB_calc!DF50:EO50),_PB_calc!DF50:EO50,0))) -> 0 | E50: =IF(MAX(_PB_calc!B50:AK50)=0,"",INDEX(_PB_calc!BV50:DE50,MATCH(MAX(_PB_calc!DF50:EO50),_PB_calc!DF50:EO50,0))) -> 0
B51: =Sessions!B59 -> Body Weight Tricep Extensions | C51: =IF(MAX(_PB_calc!B51:AK51)=0,"",INDEX(_PB_calc!B51:AK51,MATCH(MAX(_PB_calc!DF51:EO51),_PB_calc!DF51:EO51,0))) | D51: =IF(MAX(_PB_calc!B51:AK51)=0,"",INDEX(_PB_calc!AL51:BU51,MATCH(MAX(_PB_calc!DF51:EO51),_PB_calc!DF51:EO51,0))) | E51: =IF(MAX(_PB_calc!B51:AK51)=0,"",INDEX(_PB_calc!BV51:DE51,MATCH(MAX(_PB_calc!DF51:EO51),_PB_calc!DF51:EO51,0)))

Sheet _PB_calc
A2: =Sessions!B3 -> Barbell Squat | B2: =IFERROR(N(Sessions!E3),0) -> 30 | C2: =IFERROR(N(Sessions!G3),0) -> 0 | D2: =IFERROR(N(Sessions!I3),0) -> 0 | E2: =IFERROR(N(Sessions!L3),0) -> 0 | F2: =IFERROR(N(Sessions!N3),0) -> 0 | G2: =IFERROR(N(Sessions!P3),0) -> 0 | H2: =IFERROR(N(Sessions!S3),0) -> 0 | I2: =IFERROR(N(Sessions!U3),0) -> 0 | J2: =IFERROR(N(Sessions!W3),0) -> 0 | K2: =IFERROR(N(Sessions!Z3),0) -> 0 | L2: =IFERROR(N(Sessions!AB3),0) -> 0 | M2: =IFERROR(N(Sessions!AD3),0) -> 0 | N2: =IFERROR(N(Sessions!AG3),0) -> 0 | O2: =IFERROR(N(Sessions!AI3),0) -> 0 | P2: =IFERROR(N(Sessions!AK3),0) -> 0 | Q2: =IFERROR(N(Sessions!AN3),0) -> 0 | R2: =IFERROR(N(Sessions!AP3),0) -> 0 | S2: =IFERROR(N(Sessions!AR3),0) -> 0 | T2: =IFERROR(N(Sessions!AU3),0) -> 0 | U2: =IFERROR(N(Sessions!AW3),0) -> 0 | V2: =IFERROR(N(Sessions!AY3),0) -> 0 | W2: =IFERROR(N(Sessions!BB3),0) -> 0 | X2: =IFERROR(N(Sessions!BD3),0) -> 0 | Y2: =IFERROR(N(Sessions!BF3),0) -> 0 | Z2: =IFERROR(N(Sessions!BI3),0) -> 0 | AA2: =IFERROR(N(Sessions!BK3),0) -> 0 | AB2: =IFERROR(N(Sessions!BM3),0) -> 0 | AC2: =IFERROR(N(Sessions!BP3),0) -> 0 | AD2: =IFERROR(N(Sessions!BR3),0) -> 0 | AE2: =IFERROR(N(Sessions!BT3),0) -> 0 | AF2: =IFERROR(N(Sessions!BW3),0) -> 0 | AG2: =IFERROR(N(Sessions!BY3),0) -> 0 | AH2: =IFERROR(N(Sessions!CA3),0) -> 0 | AI2: =IFERROR(N(Sessions!CD3),0) -> 0 | AJ2: =IFERROR(N(Sessions!CF3),0) -> 0 | AK2: =IFERROR(N(Sessions!CH3),0) -> 0 | AL2: =IFERROR(N(Sessions!F3),0) -> 0 | AM2: =IFERROR(N(Sessions!H3),0) -> 0 | AN2: =IFERROR(N(Sessions!J3),0) -> 0 | AO2: =IFERROR(N(Sessions!M3),0) -> 0 | AP2: =IFERROR(N(Sessions!O3),0) -> 0 | AQ2: =IFERROR(N(Sessions!Q3),0) -> 0 | AR2: =IFERROR(N(Sessions!T3),0) -> 0 | AS2: =IFERROR(N(Sessions!V3),0) -> 0 | AT2: =IFERROR(N(Sessions!X3),0) -> 0 | AU2: =IFERROR(N(Sessions!AA3),0) -> 0 | AV2: =IFERROR(N(Sessions!AC3),0) -> 0 | AW2: =IFERROR(N(Sessions!AE3),0) -> 0 | AX2: =IFERROR(N(Sessions!AH3),0) -> 0 | AY2: =IFERROR(N(Sessions!AJ3),0) -> 0 | AZ2: =IFERROR(N(Sessions!AL3),0) -> 0 | BA2: =IFERROR(N(Sessions!AO3),0) -> 0 | BB2: =IFERROR(N(Sessions!AQ3),0) -> 0 | BC2: =IFERROR(N(Sessions!AS3),0) -> 0 | BD2: =IFERROR(N(Sessions!AV3),0) -> 0 | BE2: =IFERROR(N(Sessions!AX3),0) -> 0 | BF2: =IFERROR(N(Sessions!AZ3),0) -> 0 | BG2: =IFERROR(N(Sessions!BC3),0) -> 0 | BH2: =IFERROR(N(Sessions!BE3),0) -> 0 | BI2: =IFERROR(N(Sessions!BG3),0) -> 0 | BJ2: =IFERROR(N(Sessions!BJ3),0) -> 0 | BK2: =IFERROR(N(Sessions!BL3),0) -> 0 | BL2: =IFERROR(N(Sessions!BN3),0) -> 0 | BM2: =IFERROR(N(Sessions!BQ3),0) -> 0 | BN2: =IFERROR(N(Sessions!BS3),0) -> 0 | BO2: =IFERROR(N(Sessions!BU3),0) -> 0 | BP2: =IFERROR(N(Sessions!BX3),0) -> 0 | BQ2: =IFERROR(N(Sessions!BZ3),0) -> 0 | BR2: =IFERROR(N(Sessions!CB3),0) -> 0 | BS2: =IFERROR(N(Sessions!CE3),0) -> 0 | BT2: =IFERROR(N(Sessions!CG3),0) -> 0 | BU2: =IFERROR(N(Sessions!CI3),0) -> 0 | BV2: =IF(B2=0,0,IFERROR(N(Sessions!D3),0)) -> 0 | BW2: =IF(C2=0,0,IFERROR(N(Sessions!D3),0)) -> 0 | BX2: =IF(D2=0,0,IFERROR(N(Sessions!D3),0)) -> 0 | BY2: =IF(E2=0,0,IFERROR(N(Sessions!K3),0)) -> 0 | BZ2: =IF(F2=0,0,IFERROR(N(Sessions!K3),0)) -> 0 | CA2: =IF(G2=0,0,IFERROR(N(Sessions!K3),0)) -> 0 | CB2: =IF(H2=0,0,IFERROR(N(Sessions!R3),0)) -> 0 | CC2: =IF(I2=0,0,IFERROR(N(Sessions!R3),0)) -> 0 | CD2: =IF(J2=0,0,IFERROR(N(Sessions!R3),0)) -> 0 | CE2: =IF(K2=0,0,IFERROR(N(Sessions!Y3),0)) -> 0 | CF2: =IF(L2=0,0,IFERROR(N(Sessions!Y3),0)) -> 0 | CG2: =IF(M2=0,0,IFERROR(N(Sessions!Y3),0)) -> 0 | CH2: =IF(N2=0,0,IFERROR(N(Sessions!AF3),0)) -> 0 | CI2: =IF(O2=0,0,IFERROR(N(Sessions!AF3),0)) -> 0 | CJ2: =IF(P2=0,0,IFERROR(N(Sessions!AF3),0)) -> 0 | CK2: =IF(Q2=0,0,IFERROR(N(Sessions!AM3),0)) -> 0 | CL2: =IF(R2=0,0,IFERROR(N(Sessions!AM3),0)) -> 0 | CM2: =IF(S2=0,0,IFERROR(N(Sessions!AM3),0)) -> 0 | CN2: =IF(T2=0,0,IFERROR(N(Sessions!AT3),0)) -> 0 | CO2: =IF(U2=0,0,IFERROR(N(Sessions!AT3),0)) -> 0 | CP2: =IF(V2=0,0,IFERROR(N(Sessions!AT3),0)) -> 0 | CQ2: =IF(W2=0,0,IFERROR(N(Sessions!BA3),0)) -> 0 | CR2: =IF(X2=0,0,IFERROR(N(Sessions!BA3),0)) -> 0 | CS2: =IF(Y2=0,0,IFERROR(N(Sessions!BA3),0)) -> 0 | CT2: =IF(Z2=0,0,IFERROR(N(Sessions!BH3),0)) -> 0 | CU2: =IF(AA2=0,0,IFERROR(N(Sessions!BH3),0)) -> 0 | CV2: =IF(AB2=0,0,IFERROR(N(Sessions!BH3),0)) -> 0 | CW2: =IF(AC2=0,0,IFERROR(N(Sessions!BO3),0)) -> 0 | CX2: =IF(AD2=0,0,IFERROR(N(Sessions!BO3),0)) -> 0 | CY2: =IF(AE2=0,0,IFERROR(N(Sessions!BO3),0)) -> 0 | CZ2: =IF(AF2=0,0,IFERROR(N(Sessions!BV3),0)) -> 0 | DA2: =IF(AG2=0,0,IFERROR(N(Sessions!BV3),0)) -> 0 | DB2: =IF(AH2=0,0,IFERROR(N(Sessions!BV3),0)) -> 0 | DC2: =IF(AI2=0,0,IFERROR(N(Sessions!CC3),0)) -> 0 | DD2: =IF(AJ2=0,0,IFERROR(N(Sessions!CC3),0)) -> 0 | DE2: =IF(AK2=0,0,IFERROR(N(Sessions!CC3),0)) -> 0 | DF2: =B2*100000+AL2 -> 3000000 | DG2: =C2*100000+AM2 -> 0 | DH2: =D2*100000+AN2 -> 0 | DI2: =E2*100000+AO2 -> 0 | DJ2: =F2*100000+AP2 -> 0 | DK2: =G2*100000+AQ2 -> 0 | DL2: =H2*100000+AR2 -> 0 | DM2: =I2*100000+AS2 -> 0 | ... EO2: =AK2*100000+BU2 -> 0
A3: =Sessions!B4 -> Lying Hamstring Curl | B3: =IFERROR(N(Sessions!E4),0) -> 35 | C3: =IFERROR(N(Sessions!G4),0) -> 0 | D3: =IFERROR(N(Sessions!I4),0) -> 0 | E3: =IFERROR(N(Sessions!L4),0) -> 0 | F3: =IFERROR(N(Sessions!N4),0) -> 0 | G3: =IFERROR(N(Sessions!P4),0) -> 0 | H3: =IFERROR(N(Sessions!S4),0) -> 0 | I3: =IFERROR(N(Sessions!U4),0) -> 0 | J3: =IFERROR(N(Sessions!W4),0) -> 0 | K3: =IFERROR(N(Sessions!Z4),0) -> 0 | L3: =IFERROR(N(Sessions!AB4),0) -> 0 | M3: =IFERROR(N(Sessions!AD4),0) -> 0 | N3: =IFERROR(N(Sessions!AG4),0) -> 0 | O3: =IFERROR(N(Sessions!AI4),0) -> 0 | P3: =IFERROR(N(Sessions!AK4),0) -> 0 | Q3: =IFERROR(N(Sessions!AN4),0) -> 0 | R3: =IFERROR(N(Sessions!AP4),0) -> 0 | S3: =IFERROR(N(Sessions!AR4),0) -> 0 | T3: =IFERROR(N(Sessions!AU4),0) -> 0 | U3: =IFERROR(N(Sessions!AW4),0) -> 0 | V3: =IFERROR(N(Sessions!AY4),0) -> 0 | W3: =IFERROR(N(Sessions!BB4),0) -> 0 | X3: =IFERROR(N(Sessions!BD4),0) -> 0 | Y3: =IFERROR(N(Sessions!BF4),0) -> 0 | Z3: =IFERROR(N(Sessions!BI4),0) -> 0 | AA3: =IFERROR(N(Sessions!BK4),0) -> 0 | AB3: =IFERROR(N(Sessions!BM4),0) -> 0 | AC3: =IFERROR(N(Sessions!BP4),0) -> 0 | AD3: =IFERROR(N(Sessions!BR4),0) -> 0 | AE3: =IFERROR(N(Sessions!BT4),0) -> 0 | AF3: =IFERROR(N(Sessions!BW4),0) -> 0 | AG3: =IFERROR(N(Sessions!BY4),0) -> 0 | AH3: =IFERROR(N(Sessions!CA4),0) -> 0 | AI3: =IFERROR(N(Sessions!CD4),0) -> 0 | AJ3: =IFERROR(N(Sessions!CF4),0) -> 0 | AK3: =IFERROR(N(Sessions!CH4),0) -> 0 | AL3: =IFERROR(N(Sessions!F4),0) -> 0 | AM3: =IFERROR(N(Sessions!H4),0) -> 0 | AN3: =IFERROR(N(Sessions!J4),0) -> 0 | AO3: =IFERROR(N(Sessions!M4),0) -> 0 | AP3: =IFERROR(N(Sessions!O4),0) -> 0 | AQ3: =IFERROR(N(Sessions!Q4),0) -> 0 | AR3: =IFERROR(N(Sessions!T4),0) -> 0 | AS3: =IFERROR(N(Sessions!V4),0) -> 0 | AT3: =IFERROR(N(Sessions!X4),0) -> 0 | AU3: =IFERROR(N(Sessions!AA4),0) -> 0 | AV3: =IFERROR(N(Sessions!AC4),0) -> 0 | AW3: =IFERROR(N(Sessions!AE4),0) -> 0 | AX3: =IFERROR(N(Sessions!AH4),0) -> 0 | AY3: =IFERROR(N(Sessions!AJ4),0) -> 0 | AZ3: =IFERROR(N(Sessions!AL4),0) -> 0 | BA3: =IFERROR(N(Sessions!AO4),0) -> 0 | BB3: =IFERROR(N(Sessions!AQ4),0) -> 0 | BC3: =IFERROR(N(Sessions!AS4),0) -> 0 | BD3: =IFERROR(N(Sessions!AV4),0) -> 0 | BE3: =IFERROR(N(Sessions!AX4),0) -> 0 | BF3: =IFERROR(N(Sessions!AZ4),0) -> 0 | BG3: =IFERROR(N(Sessions!BC4),0) -> 0 | BH3: =IFERROR(N(Sessions!BE4),0) -> 0 | BI3: =IFERROR(N(Sessions!BG4),0) -> 0 | BJ3: =IFERROR(N(Sessions!BJ4),0) -> 0 | BK3: =IFERROR(N(Sessions!BL4),0) -> 0 | BL3: =IFERROR(N(Sessions!BN4),0) -> 0 | BM3: =IFERROR(N(Sessions!BQ4),0) -> 0 | BN3: =IFERROR(N(Sessions!BS4),0) -> 0 | BO3: =IFERROR(N(Sessions!BU4),0) -> 0 | BP3: =IFERROR(N(Sessions!BX4),0) -> 0 | BQ3: =IFERROR(N(Sessions!BZ4),0) -> 0 | BR3: =IFERROR(N(Sessions!CB4),0) -> 0 | BS3: =IFERROR(N(Sessions!CE4),0) -> 0 | BT3: =IFERROR(N(Sessions!CG4),0) -> 0 | BU3: =IFERROR(N(Sessions!CI4),0) -> 0 | BV3: =IF(B3=0,0,IFERROR(N(Sessions!D4),0)) -> 0 | BW3: =IF(C3=0,0,IFERROR(N(Sessions!D4),0)) -> 0 | BX3: =IF(D3=0,0,IFERROR(N(Sessions!D4),0)) -> 0 | BY3: =IF(E3=0,0,IFERROR(N(Sessions!K4),0)) -> 0 | BZ3: =IF(F3=0,0,IFERROR(N(Sessions!K4),0)) -> 0 | CA3: =IF(G3=0,0,IFERROR(N(Sessions!K4),0)) -> 0 | CB3: =IF(H3=0,0,IFERROR(N(Sessions!R4),0)) -> 0 | CC3: =IF(I3=0,0,IFERROR(N(Sessions!R4),0)) -> 0 | CD3: =IF(J3=0,0,IFERROR(N(Sessions!R4),0)) -> 0 | CE3: =IF(K3=0,0,IFERROR(N(Sessions!Y4),0)) -> 0 | CF3: =IF(L3=0,0,IFERROR(N(Sessions!Y4),0)) -> 0 | CG3: =IF(M3=0,0,IFERROR(N(Sessions!Y4),0)) -> 0 | CH3: =IF(N3=0,0,IFERROR(N(Sessions!AF4),0)) -> 0 | CI3: =IF(O3=0,0,IFERROR(N(Sessions!AF4),0)) -> 0 | CJ3: =IF(P3=0,0,IFERROR(N(Sessions!AF4),0)) -> 0 | CK3: =IF(Q3=0,0,IFERROR(N(Sessions!AM4),0)) -> 0 | CL3: =IF(R3=0,0,IFERROR(N(Sessions!AM4),0)) -> 0 | CM3: =IF(S3=0,0,IFERROR(N(Sessions!AM4),0)) -> 0 | CN3: =IF(T3=0,0,IFERROR(N(Sessions!AT4),0)) -> 0 | CO3: =IF(U3=0,0,IFERROR(N(Sessions!AT4),0)) -> 0 | CP3: =IF(V3=0,0,IFERROR(N(Sessions!AT4),0)) -> 0 | CQ3: =IF(W3=0,0,IFERROR(N(Sessions!BA4),0)) -> 0 | CR3: =IF(X3=0,0,IFERROR(N(Sessions!BA4),0)) -> 0 | CS3: =IF(Y3=0,0,IFERROR(N(Sessions!BA4),0)) -> 0 | CT3: =IF(Z3=0,0,IFERROR(N(Sessions!BH4),0)) -> 0 | CU3: =IF(AA3=0,0,IFERROR(N(Sessions!BH4),0)) -> 0 | CV3: =IF(AB3=0,0,IFERROR(N(Sessions!BH4),0)) -> 0 | CW3: =IF(AC3=0,0,IFERROR(N(Sessions!BO4),0)) -> 0 | CX3: =IF(AD3=0,0,IFERROR(N(Sessions!BO4),0)) -> 0 | CY3: =IF(AE3=0,0,IFERROR(N(Sessions!BO4),0)) -> 0 | CZ3: =IF(AF3=0,0,IFERROR(N(Sessions!BV4),0)) -> 0 | DA3: =IF(AG3=0,0,IFERROR(N(Sessions!BV4),0)) -> 0 | DB3: =IF(AH3=0,0,IFERROR(N(Sessions!BV4),0)) -> 0 | DC3: =IF(AI3=0,0,IFERROR(N(Sessions!CC4),0)) -> 0 | DD3: =IF(AJ3=0,0,IFERROR(N(Sessions!CC4),0)) -> 0 | DE3: =IF(AK3=0,0,IFERROR(N(Sessions!CC4),0)) -> 0 | DF3: =B3*100000+AL3 -> 3500000 | DG3: =C3*100000+AM3 -> 0 | DH3: =D3*100000+AN3 -> 0 | DI3: =E3*100000+AO3 -> 0 | DJ3: =F3*100000+AP3 -> 0 | DK3: =G3*100000+AQ3 -> 0 | DL3: =H3*100000+AR3 -> 0 | DM3: =I3*100000+AS3 -> 0 | ... EO3: =AK3*100000+BU3 -> 0
A4: =Sessions!B5 -> Low Box Step Up | B4: =IFERROR(N(Sessions!E5),0) -> 24 | C4: =IFERROR(N(Sessions!G5),0) -> 0 | D4: =IFERROR(N(Sessions!I5),0) -> 0 | E4: =IFERROR(N(Sessions!L5),0) -> 0 | F4: =IFERROR(N(Sessions!N5),0) -> 0 | G4: =IFERROR(N(Sessions!P5),0) -> 0 | H4: =IFERROR(N(Sessions!S5),0) -> 0 | I4: =IFERROR(N(Sessions!U5),0) -> 0 | J4: =IFERROR(N(Sessions!W5),0) -> 0 | K4: =IFERROR(N(Sessions!Z5),0) -> 0 | L4: =IFERROR(N(Sessions!AB5),0) -> 0 | M4: =IFERROR(N(Sessions!AD5),0) -> 0 | N4: =IFERROR(N(Sessions!AG5),0) -> 0 | O4: =IFERROR(N(Sessions!AI5),0) -> 0 | P4: =IFERROR(N(Sessions!AK5),0) -> 0 | Q4: =IFERROR(N(Sessions!AN5),0) -> 0 | R4: =IFERROR(N(Sessions!AP5),0) -> 0 | S4: =IFERROR(N(Sessions!AR5),0) -> 0 | T4: =IFERROR(N(Sessions!AU5),0) -> 0 | U4: =IFERROR(N(Sessions!AW5),0) -> 0 | V4: =IFERROR(N(Sessions!AY5),0) -> 0 | W4: =IFERROR(N(Sessions!BB5),0) -> 0 | X4: =IFERROR(N(Sessions!BD5),0) -> 0 | Y4: =IFERROR(N(Sessions!BF5),0) -> 0 | Z4: =IFERROR(N(Sessions!BI5),0) -> 0 | AA4: =IFERROR(N(Sessions!BK5),0) -> 0 | AB4: =IFERROR(N(Sessions!BM5),0) -> 0 | AC4: =IFERROR(N(Sessions!BP5),0) -> 0 | AD4: =IFERROR(N(Sessions!BR5),0) -> 0 | AE4: =IFERROR(N(Sessions!BT5),0) -> 0 | AF4: =IFERROR(N(Sessions!BW5),0) -> 0 | AG4: =IFERROR(N(Sessions!BY5),0) -> 0 | AH4: =IFERROR(N(Sessions!CA5),0) -> 0 | AI4: =IFERROR(N(Sessions!CD5),0) -> 0 | AJ4: =IFERROR(N(Sessions!CF5),0) -> 0 | AK4: =IFERROR(N(Sessions!CH5),0) -> 0 | AL4: =IFERROR(N(Sessions!F5),0) -> 0 | AM4: =IFERROR(N(Sessions!H5),0) -> 0 | AN4: =IFERROR(N(Sessions!J5),0) -> 0 | AO4: =IFERROR(N(Sessions!M5),0) -> 0 | AP4: =IFERROR(N(Sessions!O5),0) -> 0 | AQ4: =IFERROR(N(Sessions!Q5),0) -> 0 | AR4: =IFERROR(N(Sessions!T5),0) -> 0 | AS4: =IFERROR(N(Sessions!V5),0) -> 0 | AT4: =IFERROR(N(Sessions!X5),0) -> 0 | AU4: =IFERROR(N(Sessions!AA5),0) -> 0 | AV4: =IFERROR(N(Sessions!AC5),0) -> 0 | AW4: =IFERROR(N(Sessions!AE5),0) -> 0 | AX4: =IFERROR(N(Sessions!AH5),0) -> 0 | AY4: =IFERROR(N(Sessions!AJ5),0) -> 0 | AZ4: =IFERROR(N(Sessions!AL5),0) -> 0 | BA4: =IFERROR(N(Sessions!AO5),0) -> 0 | BB4: =IFERROR(N(Sessions!AQ5),0) -> 0 | BC4: =IFERROR(N(Sessions!AS5),0) -> 0 | BD4: =IFERROR(N(Sessions!AV5),0) -> 0 | BE4: =IFERROR(N(Sessions!AX5),0) -> 0 | BF4: =IFERROR(N(Sessions!AZ5),0) -> 0 | BG4: =IFERROR(N(Sessions!BC5),0) -> 0 | BH4: =IFERROR(N(Sessions!BE5),0) -> 0 | BI4: =IFERROR(N(Sessions!BG5),0) -> 0 | BJ4: =IFERROR(N(Sessions!BJ5),0) -> 0 | BK4: =IFERROR(N(Sessions!BL5),0) -> 0 | BL4: =IFERROR(N(Sessions!BN5),0) -> 0 | BM4: =IFERROR(N(Sessions!BQ5),0) -> 0 | BN4: =IFERROR(N(Sessions!BS5),0) -> 0 | BO4: =IFERROR(N(Sessions!BU5),0) -> 0 | BP4: =IFERROR(N(Sessions!BX5),0) -> 0 | BQ4: =IFERROR(N(Sessions!BZ5),0) -> 0 | BR4: =IFERROR(N(Sessions!CB5),0) -> 0 | BS4: =IFERROR(N(Sessions!CE5),0) -> 0 | BT4: =IFERROR(N(Sessions!CG5),0) -> 0 | BU4: =IFERROR(N(Sessions!CI5),0) -> 0 | BV4: =IF(B4=0,0,IFERROR(N(Sessions!D5),0)) -> 0 | BW4: =IF(C4=0,0,IFERROR(N(Sessions!D5),0)) -> 0 | BX4: =IF(D4=0,0,IFERROR(N(Sessions!D5),0)) -> 0 | BY4: =IF(E4=0,0,IFERROR(N(Sessions!K5),0)) -> 0 | BZ4: =IF(F4=0,0,IFERROR(N(Sessions!K5),0)) -> 0 | CA4: =IF(G4=0,0,IFERROR(N(Sessions!K5),0)) -> 0 | CB4: =IF(H4=0,0,IFERROR(N(Sessions!R5),0)) -> 0 | CC4: =IF(I4=0,0,IFERROR(N(Sessions!R5),0)) -> 0 | CD4: =IF(J4=0,0,IFERROR(N(Sessions!R5),0)) -> 0 | CE4: =IF(K4=0,0,IFERROR(N(Sessions!Y5),0)) -> 0 | CF4: =IF(L4=0,0,IFERROR(N(Sessions!Y5),0)) -> 0 | CG4: =IF(M4=0,0,IFERROR(N(Sessions!Y5),0)) -> 0 | CH4: =IF(N4=0,0,IFERROR(N(Sessions!AF5),0)) -> 0 | CI4: =IF(O4=0,0,IFERROR(N(Sessions!AF5),0)) -> 0 | CJ4: =IF(P4=0,0,IFERROR(N(Sessions!AF5),0)) -> 0 | CK4: =IF(Q4=0,0,IFERROR(N(Sessions!AM5),0)) -> 0 | CL4: =IF(R4=0,0,IFERROR(N(Sessions!AM5),0)) -> 0 | CM4: =IF(S4=0,0,IFERROR(N(Sessions!AM5),0)) -> 0 | CN4: =IF(T4=0,0,IFERROR(N(Sessions!AT5),0)) -> 0 | CO4: =IF(U4=0,0,IFERROR(N(Sessions!AT5),0)) -> 0 | CP4: =IF(V4=0,0,IFERROR(N(Sessions!AT5),0)) -> 0 | CQ4: =IF(W4=0,0,IFERROR(N(Sessions!BA5),0)) -> 0 | CR4: =IF(X4=0,0,IFERROR(N(Sessions!BA5),0)) -> 0 | CS4: =IF(Y4=0,0,IFERROR(N(Sessions!BA5),0)) -> 0 | CT4: =IF(Z4=0,0,IFERROR(N(Sessions!BH5),0)) -> 0 | CU4: =IF(AA4=0,0,IFERROR(N(Sessions!BH5),0)) -> 0 | CV4: =IF(AB4=0,0,IFERROR(N(Sessions!BH5),0)) -> 0 | CW4: =IF(AC4=0,0,IFERROR(N(Sessions!BO5),0)) -> 0 | CX4: =IF(AD4=0,0,IFERROR(N(Sessions!BO5),0)) -> 0 | CY4: =IF(AE4=0,0,IFERROR(N(Sessions!BO5),0)) -> 0 | CZ4: =IF(AF4=0,0,IFERROR(N(Sessions!BV5),0)) -> 0 | DA4: =IF(AG4=0,0,IFERROR(N(Sessions!BV5),0)) -> 0 | DB4: =IF(AH4=0,0,IFERROR(N(Sessions!BV5),0)) -> 0 | DC4: =IF(AI4=0,0,IFERROR(N(Sessions!CC5),0)) -> 0 | DD4: =IF(AJ4=0,0,IFERROR(N(Sessions!CC5),0)) -> 0 | DE4: =IF(AK4=0,0,IFERROR(N(Sessions!CC5),0)) -> 0 | DF4: =B4*100000+AL4 -> 2400000 | DG4: =C4*100000+AM4 -> 0 | DH4: =D4*100000+AN4 -> 0 | DI4: =E4*100000+AO4 -> 0 | DJ4: =F4*100000+AP4 -> 0 | DK4: =G4*100000+AQ4 -> 0 | DL4: =H4*100000+AR4 -> 0 | DM4: =I4*100000+AS4 -> 0 | ... EO4: =AK4*100000+BU4 -> 0
A5: =Sessions!B6 -> Goblet Squat | B5: =IFERROR(N(Sessions!E6),0) -> 12 | C5: =IFERROR(N(Sessions!G6),0) -> 0 | D5: =IFERROR(N(Sessions!I6),0) -> 0 | E5: =IFERROR(N(Sessions!L6),0) -> 0 | F5: =IFERROR(N(Sessions!N6),0) -> 0 | G5: =IFERROR(N(Sessions!P6),0) -> 0 | H5: =IFERROR(N(Sessions!S6),0) -> 0 | I5: =IFERROR(N(Sessions!U6),0) -> 0 | J5: =IFERROR(N(Sessions!W6),0) -> 0 | K5: =IFERROR(N(Sessions!Z6),0) -> 0 | L5: =IFERROR(N(Sessions!AB6),0) -> 0 | M5: =IFERROR(N(Sessions!AD6),0) -> 0 | N5: =IFERROR(N(Sessions!AG6),0) -> 0 | O5: =IFERROR(N(Sessions!AI6),0) -> 0 | P5: =IFERROR(N(Sessions!AK6),0) -> 0 | Q5: =IFERROR(N(Sessions!AN6),0) -> 0 | R5: =IFERROR(N(Sessions!AP6),0) -> 0 | S5: =IFERROR(N(Sessions!AR6),0) -> 0 | T5: =IFERROR(N(Sessions!AU6),0) -> 0 | U5: =IFERROR(N(Sessions!AW6),0) -> 0 | V5: =IFERROR(N(Sessions!AY6),0) -> 0 | W5: =IFERROR(N(Sessions!BB6),0) -> 0 | X5: =IFERROR(N(Sessions!BD6),0) -> 0 | Y5: =IFERROR(N(Sessions!BF6),0) -> 0 | Z5: =IFERROR(N(Sessions!BI6),0) -> 0 | AA5: =IFERROR(N(Sessions!BK6),0) -> 0 | AB5: =IFERROR(N(Sessions!BM6),0) -> 0 | AC5: =IFERROR(N(Sessions!BP6),0) -> 0 | AD5: =IFERROR(N(Sessions!BR6),0) -> 0 | AE5: =IFERROR(N(Sessions!BT6),0) -> 0 | AF5: =IFERROR(N(Sessions!BW6),0) -> 0 | AG5: =IFERROR(N(Sessions!BY6),0) -> 0 | AH5: =IFERROR(N(Sessions!CA6),0) -> 0 | AI5: =IFERROR(N(Sessions!CD6),0) -> 0 | AJ5: =IFERROR(N(Sessions!CF6),0) -> 0 | AK5: =IFERROR(N(Sessions!CH6),0) -> 0 | AL5: =IFERROR(N(Sessions!F6),0) -> 0 | AM5: =IFERROR(N(Sessions!H6),0) -> 0 | AN5: =IFERROR(N(Sessions!J6),0) -> 0 | AO5: =IFERROR(N(Sessions!M6),0) -> 0 | AP5: =IFERROR(N(Sessions!O6),0) -> 0 | AQ5: =IFERROR(N(Sessions!Q6),0) -> 0 | AR5: =IFERROR(N(Sessions!T6),0) -> 0 | AS5: =IFERROR(N(Sessions!V6),0) -> 0 | AT5: =IFERROR(N(Sessions!X6),0) -> 0 | AU5: =IFERROR(N(Sessions!AA6),0) -> 0 | AV5: =IFERROR(N(Sessions!AC6),0) -> 0 | AW5: =IFERROR(N(Sessions!AE6),0) -> 0 | AX5: =IFERROR(N(Sessions!AH6),0) -> 0 | AY5: =IFERROR(N(Sessions!AJ6),0) -> 0 | AZ5: =IFERROR(N(Sessions!AL6),0) -> 0 | BA5: =IFERROR(N(Sessions!AO6),0) -> 0 | BB5: =IFERROR(N(Sessions!AQ6),0) -> 0 | BC5: =IFERROR(N(Sessions!AS6),0) -> 0 | BD5: =IFERROR(N(Sessions!AV6),0) -> 0 | BE5: =IFERROR(N(Sessions!AX6),0) -> 0 | BF5: =IFERROR(N(Sessions!AZ6),0) -> 0 | BG5: =IFERROR(N(Sessions!BC6),0) -> 0 | BH5: =IFERROR(N(Sessions!BE6),0) -> 0 | BI5: =IFERROR(N(Sessions!BG6),0) -> 0 | BJ5: =IFERROR(N(Sessions!BJ6),0) -> 0 | BK5: =IFERROR(N(Sessions!BL6),0) -> 0 | BL5: =IFERROR(N(Sessions!BN6),0) -> 0 | BM5: =IFERROR(N(Sessions!BQ6),0) -> 0 | BN5: =IFERROR(N(Sessions!BS6),0) -> 0 | BO5: =IFERROR(N(Sessions!BU6),0) -> 0 | BP5: =IFERROR(N(Sessions!BX6),0) -> 0 | BQ5: =IFERROR(N(Sessions!BZ6),0) -> 0 | BR5: =IFERROR(N(Sessions!CB6),0) -> 0 | BS5: =IFERROR(N(Sessions!CE6),0) -> 0 | BT5: =IFERROR(N(Sessions!CG6),0) -> 0 | BU5: =IFERROR(N(Sessions!CI6),0) -> 0 | BV5: =IF(B5=0,0,IFERROR(N(Sessions!D6),0)) -> 0 | BW5: =IF(C5=0,0,IFERROR(N(Sessions!D6),0)) -> 0 | BX5: =IF(D5=0,0,IFERROR(N(Sessions!D6),0)) -> 0 | BY5: =IF(E5=0,0,IFERROR(N(Sessions!K6),0)) -> 0 | BZ5: =IF(F5=0,0,IFERROR(N(Sessions!K6),0)) -> 0 | CA5: =IF(G5=0,0,IFERROR(N(Sessions!K6),0)) -> 0 | CB5: =IF(H5=0,0,IFERROR(N(Sessions!R6),0)) -> 0 | CC5: =IF(I5=0,0,IFERROR(N(Sessions!R6),0)) -> 0 | CD5: =IF(J5=0,0,IFERROR(N(Sessions!R6),0)) -> 0 | CE5: =IF(K5=0,0,IFERROR(N(Sessions!Y6),0)) -> 0 | CF5: =IF(L5=0,0,IFERROR(N(Sessions!Y6),0)) -> 0 | CG5: =IF(M5=0,0,IFERROR(N(Sessions!Y6),0)) -> 0 | CH5: =IF(N5=0,0,IFERROR(N(Sessions!AF6),0)) -> 0 | CI5: =IF(O5=0,0,IFERROR(N(Sessions!AF6),0)) -> 0 | CJ5: =IF(P5=0,0,IFERROR(N(Sessions!AF6),0)) -> 0 | CK5: =IF(Q5=0,0,IFERROR(N(Sessions!AM6),0)) -> 0 | CL5: =IF(R5=0,0,IFERROR(N(Sessions!AM6),0)) -> 0 | CM5: =IF(S5=0,0,IFERROR(N(Sessions!AM6),0)) -> 0 | CN5: =IF(T5=0,0,IFERROR(N(Sessions!AT6),0)) -> 0 | CO5: =IF(U5=0,0,IFERROR(N(Sessions!AT6),0)) -> 0 | CP5: =IF(V5=0,0,IFERROR(N(Sessions!AT6),0)) -> 0 | CQ5: =IF(W5=0,0,IFERROR(N(Sessions!BA6),0)) -> 0 | CR5: =IF(X5=0,0,IFERROR(N(Sessions!BA6),0)) -> 0 | CS5: =IF(Y5=0,0,IFERROR(N(Sessions!BA6),0)) -> 0 | CT5: =IF(Z5=0,0,IFERROR(N(Sessions!BH6),0)) -> 0 | CU5: =IF(AA5=0,0,IFERROR(N(Sessions!BH6),0)) -> 0 | CV5: =IF(AB5=0,0,IFERROR(N(Sessions!BH6),0)) -> 0 | CW5: =IF(AC5=0,0,IFERROR(N(Sessions!BO6),0)) -> 0 | CX5: =IF(AD5=0,0,IFERROR(N(Sessions!BO6),0)) -> 0 | CY5: =IF(AE5=0,0,IFERROR(N(Sessions!BO6),0)) -> 0 | CZ5: =IF(AF5=0,0,IFERROR(N(Sessions!BV6),0)) -> 0 | DA5: =IF(AG5=0,0,IFERROR(N(Sessions!BV6),0)) -> 0 | DB5: =IF(AH5=0,0,IFERROR(N(Sessions!BV6),0)) -> 0 | DC5: =IF(AI5=0,0,IFERROR(N(Sessions!CC6),0)) -> 0 | DD5: =IF(AJ5=0,0,IFERROR(N(Sessions!CC6),0)) -> 0 | DE5: =IF(AK5=0,0,IFERROR(N(Sessions!CC6),0)) -> 0 | DF5: =B5*100000+AL5 -> 1200000 | DG5: =C5*100000+AM5 -> 0 | DH5: =D5*100000+AN5 -> 0 | DI5: =E5*100000+AO5 -> 0 | DJ5: =F5*100000+AP5 -> 0 | DK5: =G5*100000+AQ5 -> 0 | DL5: =H5*100000+AR5 -> 0 | DM5: =I5*100000+AS5 -> 0 | ... EO5: =AK5*100000+BU5 -> 0
A6: =Sessions!B7 -> Pallof Press | B6: =IFERROR(N(Sessions!E7),0) -> 0 | C6: =IFERROR(N(Sessions!G7),0) -> 0 | D6: =IFERROR(N(Sessions!I7),0) -> 0 | E6: =IFERROR(N(Sessions!L7),0) -> 0 | F6: =IFERROR(N(Sessions!N7),0) -> 0 | G6: =IFERROR(N(Sessions!P7),0) -> 0 | H6: =IFERROR(N(Sessions!S7),0) -> 0 | I6: =IFERROR(N(Sessions!U7),0) -> 0 | J6: =IFERROR(N(Sessions!W7),0) -> 0 | K6: =IFERROR(N(Sessions!Z7),0) -> 0 | L6: =IFERROR(N(Sessions!AB7),0) -> 0 | M6: =IFERROR(N(Sessions!AD7),0) -> 0 | N6: =IFERROR(N(Sessions!AG7),0) -> 0 | O6: =IFERROR(N(Sessions!AI7),0) -> 0 | P6: =IFERROR(N(Sessions!AK7),0) -> 0 | Q6: =IFERROR(N(Sessions!AN7),0) -> 0 | R6: =IFERROR(N(Sessions!AP7),0) -> 0 | S6: =IFERROR(N(Sessions!AR7),0) -> 0 | T6: =IFERROR(N(Sessions!AU7),0) -> 0 | U6: =IFERROR(N(Sessions!AW7),0) -> 0 | V6: =IFERROR(N(Sessions!AY7),0) -> 0 | W6: =IFERROR(N(Sessions!BB7),0) -> 0 | X6: =IFERROR(N(Sessions!BD7),0) -> 0 | Y6: =IFERROR(N(Sessions!BF7),0) -> 0 | Z6: =IFERROR(N(Sessions!BI7),0) -> 0 | AA6: =IFERROR(N(Sessions!BK7),0) -> 0 | AB6: =IFERROR(N(Sessions!BM7),0) -> 0 | AC6: =IFERROR(N(Sessions!BP7),0) -> 0 | AD6: =IFERROR(N(Sessions!BR7),0) -> 0 | AE6: =IFERROR(N(Sessions!BT7),0) -> 0 | AF6: =IFERROR(N(Sessions!BW7),0) -> 0 | AG6: =IFERROR(N(Sessions!BY7),0) -> 0 | AH6: =IFERROR(N(Sessions!CA7),0) -> 0 | AI6: =IFERROR(N(Sessions!CD7),0) -> 0 | AJ6: =IFERROR(N(Sessions!CF7),0) -> 0 | AK6: =IFERROR(N(Sessions!CH7),0) -> 0 | AL6: =IFERROR(N(Sessions!F7),0) -> 0 | AM6: =IFERROR(N(Sessions!H7),0) -> 0 | AN6: =IFERROR(N(Sessions!J7),0) -> 0 | AO6: =IFERROR(N(Sessions!M7),0) -> 0 | AP6: =IFERROR(N(Sessions!O7),0) -> 0 | AQ6: =IFERROR(N(Sessions!Q7),0) -> 0 | AR6: =IFERROR(N(Sessions!T7),0) -> 0 | AS6: =IFERROR(N(Sessions!V7),0) -> 0 | AT6: =IFERROR(N(Sessions!X7),0) -> 0 | AU6: =IFERROR(N(Sessions!AA7),0) -> 0 | AV6: =IFERROR(N(Sessions!AC7),0) -> 0 | AW6: =IFERROR(N(Sessions!AE7),0) -> 0 | AX6: =IFERROR(N(Sessions!AH7),0) -> 0 | AY6: =IFERROR(N(Sessions!AJ7),0) -> 0 | AZ6: =IFERROR(N(Sessions!AL7),0) -> 0 | BA6: =IFERROR(N(Sessions!AO7),0) -> 0 | BB6: =IFERROR(N(Sessions!AQ7),0) -> 0 | BC6: =IFERROR(N(Sessions!AS7),0) -> 0 | BD6: =IFERROR(N(Sessions!AV7),0) -> 0 | BE6: =IFERROR(N(Sessions!AX7),0) -> 0 | BF6: =IFERROR(N(Sessions!AZ7),0) -> 0 | BG6: =IFERROR(N(Sessions!BC7),0) -> 0 | BH6: =IFERROR(N(Sessions!BE7),0) -> 0 | BI6: =IFERROR(N(Sessions!BG7),0) -> 0 | BJ6: =IFERROR(N(Sessions!BJ7),0) -> 0 | BK6: =IFERROR(N(Sessions!BL7),0) -> 0 | BL6: =IFERROR(N(Sessions!BN7),0) -> 0 | BM6: =IFERROR(N(Sessions!BQ7),0) -> 0 | BN6: =IFERROR(N(Sessions!BS7),0) -> 0 | BO6: =IFERROR(N(Sessions!BU7),0) -> 0 | BP6: =IFERROR(N(Sessions!BX7),0) -> 0 | BQ6: =IFERROR(N(Sessions!BZ7),0) -> 0 | BR6: =IFERROR(N(Sessions!CB7),0) -> 0 | BS6: =IFERROR(N(Sessions!CE7),0) -> 0 | BT6: =IFERROR(N(Sessions!CG7),0) -> 0 | BU6: =IFERROR(N(Sessions!CI7),0) -> 0 | BV6: =IF(B6=0,0,IFERROR(N(Sessions!D7),0)) -> 0 | BW6: =IF(C6=0,0,IFERROR(N(Sessions!D7),0)) -> 0 | BX6: =IF(D6=0,0,IFERROR(N(Sessions!D7),0)) -> 0 | BY6: =IF(E6=0,0,IFERROR(N(Sessions!K7),0)) -> 0 | BZ6: =IF(F6=0,0,IFERROR(N(Sessions!K7),0)) -> 0 | CA6: =IF(G6=0,0,IFERROR(N(Sessions!K7),0)) -> 0 | CB6: =IF(H6=0,0,IFERROR(N(Sessions!R7),0)) -> 0 | CC6: =IF(I6=0,0,IFERROR(N(Sessions!R7),0)) -> 0 | CD6: =IF(J6=0,0,IFERROR(N(Sessions!R7),0)) -> 0 | CE6: =IF(K6=0,0,IFERROR(N(Sessions!Y7),0)) -> 0 | CF6: =IF(L6=0,0,IFERROR(N(Sessions!Y7),0)) -> 0 | CG6: =IF(M6=0,0,IFERROR(N(Sessions!Y7),0)) -> 0 | CH6: =IF(N6=0,0,IFERROR(N(Sessions!AF7),0)) -> 0 | CI6: =IF(O6=0,0,IFERROR(N(Sessions!AF7),0)) -> 0 | CJ6: =IF(P6=0,0,IFERROR(N(Sessions!AF7),0)) -> 0 | CK6: =IF(Q6=0,0,IFERROR(N(Sessions!AM7),0)) -> 0 | CL6: =IF(R6=0,0,IFERROR(N(Sessions!AM7),0)) -> 0 | CM6: =IF(S6=0,0,IFERROR(N(Sessions!AM7),0)) -> 0 | CN6: =IF(T6=0,0,IFERROR(N(Sessions!AT7),0)) -> 0 | CO6: =IF(U6=0,0,IFERROR(N(Sessions!AT7),0)) -> 0 | CP6: =IF(V6=0,0,IFERROR(N(Sessions!AT7),0)) -> 0 | CQ6: =IF(W6=0,0,IFERROR(N(Sessions!BA7),0)) -> 0 | CR6: =IF(X6=0,0,IFERROR(N(Sessions!BA7),0)) -> 0 | CS6: =IF(Y6=0,0,IFERROR(N(Sessions!BA7),0)) -> 0 | CT6: =IF(Z6=0,0,IFERROR(N(Sessions!BH7),0)) -> 0 | CU6: =IF(AA6=0,0,IFERROR(N(Sessions!BH7),0)) -> 0 | CV6: =IF(AB6=0,0,IFERROR(N(Sessions!BH7),0)) -> 0 | CW6: =IF(AC6=0,0,IFERROR(N(Sessions!BO7),0)) -> 0 | CX6: =IF(AD6=0,0,IFERROR(N(Sessions!BO7),0)) -> 0 | CY6: =IF(AE6=0,0,IFERROR(N(Sessions!BO7),0)) -> 0 | CZ6: =IF(AF6=0,0,IFERROR(N(Sessions!BV7),0)) -> 0 | DA6: =IF(AG6=0,0,IFERROR(N(Sessions!BV7),0)) -> 0 | DB6: =IF(AH6=0,0,IFERROR(N(Sessions!BV7),0)) -> 0 | DC6: =IF(AI6=0,0,IFERROR(N(Sessions!CC7),0)) -> 0 | DD6: =IF(AJ6=0,0,IFERROR(N(Sessions!CC7),0)) -> 0 | DE6: =IF(AK6=0,0,IFERROR(N(Sessions!CC7),0)) -> 0 | DF6: =B6*100000+AL6 -> 0 | DG6: =C6*100000+AM6 -> 0 | DH6: =D6*100000+AN6 -> 0 | DI6: =E6*100000+AO6 -> 0 | DJ6: =F6*100000+AP6 -> 0 | DK6: =G6*100000+AQ6 -> 0 | DL6: =H6*100000+AR6 -> 0 | DM6: =I6*100000+AS6 -> 0 | ... EO6: =AK6*100000+BU6 -> 0
A7: =Sessions!B9 -> Barbell Romaniam Deadlift | B7: =IFERROR(N(Sessions!E9),0) -> 30 | C7: =IFERROR(N(Sessions!G9),0) -> 0 | D7: =IFERROR(N(Sessions!I9),0) -> 0 | E7: =IFERROR(N(Sessions!L9),0) -> 0 | F7: =IFERROR(N(Sessions!N9),0) -> 0 | G7: =IFERROR(N(Sessions!P9),0) -> 0 | H7: =IFERROR(N(Sessions!S9),0) -> 0 | I7: =IFERROR(N(Sessions!U9),0) -> 0 | J7: =IFERROR(N(Sessions!W9),0) -> 0 | K7: =IFERROR(N(Sessions!Z9),0) -> 0 | L7: =IFERROR(N(Sessions!AB9),0) -> 0 | M7: =IFERROR(N(Sessions!AD9),0) -> 0 | N7: =IFERROR(N(Sessions!AG9),0) -> 0 | O7: =IFERROR(N(Sessions!AI9),0) -> 0 | P7: =IFERROR(N(Sessions!AK9),0) -> 0 | Q7: =IFERROR(N(Sessions!AN9),0) -> 0 | R7: =IFERROR(N(Sessions!AP9),0) -> 0 | S7: =IFERROR(N(Sessions!AR9),0) -> 0 | T7: =IFERROR(N(Sessions!AU9),0) -> 0 | U7: =IFERROR(N(Sessions!AW9),0) -> 0 | V7: =IFERROR(N(Sessions!AY9),0) -> 0 | W7: =IFERROR(N(Sessions!BB9),0) -> 0 | X7: =IFERROR(N(Sessions!BD9),0) -> 0 | Y7: =IFERROR(N(Sessions!BF9),0) -> 0 | Z7: =IFERROR(N(Sessions!BI9),0) -> 0 | AA7: =IFERROR(N(Sessions!BK9),0) -> 0 | AB7: =IFERROR(N(Sessions!BM9),0) -> 0 | AC7: =IFERROR(N(Sessions!BP9),0) -> 0 | AD7: =IFERROR(N(Sessions!BR9),0) -> 0 | AE7: =IFERROR(N(Sessions!BT9),0) -> 0 | AF7: =IFERROR(N(Sessions!BW9),0) -> 0 | AG7: =IFERROR(N(Sessions!BY9),0) -> 0 | AH7: =IFERROR(N(Sessions!CA9),0) -> 0 | AI7: =IFERROR(N(Sessions!CD9),0) -> 0 | AJ7: =IFERROR(N(Sessions!CF9),0) -> 0 | AK7: =IFERROR(N(Sessions!CH9),0) -> 0 | AL7: =IFERROR(N(Sessions!F9),0) -> 0 | AM7: =IFERROR(N(Sessions!H9),0) -> 0 | AN7: =IFERROR(N(Sessions!J9),0) -> 0 | AO7: =IFERROR(N(Sessions!M9),0) -> 0 | AP7: =IFERROR(N(Sessions!O9),0) -> 0 | AQ7: =IFERROR(N(Sessions!Q9),0) -> 0 | AR7: =IFERROR(N(Sessions!T9),0) -> 0 | AS7: =IFERROR(N(Sessions!V9),0) -> 0 | AT7: =IFERROR(N(Sessions!X9),0) -> 0 | AU7: =IFERROR(N(Sessions!AA9),0) -> 0 | AV7: =IFERROR(N(Sessions!AC9),0) -> 0 | AW7: =IFERROR(N(Sessions!AE9),0) -> 0 | AX7: =IFERROR(N(Sessions!AH9),0) -> 0 | AY7: =IFERROR(N(Sessions!AJ9),0) -> 0 | AZ7: =IFERROR(N(Sessions!AL9),0) -> 0 | BA7: =IFERROR(N(Sessions!AO9),0) -> 0 | BB7: =IFERROR(N(Sessions!AQ9),0) -> 0 | BC7: =IFERROR(N(Sessions!AS9),0) -> 0 | BD7: =IFERROR(N(Sessions!AV9),0) -> 0 | BE7: =IFERROR(N(Sessions!AX9),0) -> 0 | BF7: =IFERROR(N(Sessions!AZ9),0) -> 0 | BG7: =IFERROR(N(Sessions!BC9),0) -> 0 | BH7: =IFERROR(N(Sessions!BE9),0) -> 0 | BI7: =IFERROR(N(Sessions!BG9),0) -> 0 | BJ7: =IFERROR(N(Sessions!BJ9),0) -> 0 | BK7: =IFERROR(N(Sessions!BL9),0) -> 0 | BL7: =IFERROR(N(Sessions!BN9),0) -> 0 | BM7: =IFERROR(N(Sessions!BQ9),0) -> 0 | BN7: =IFERROR(N(Sessions!BS9),0) -> 0 | BO7: =IFERROR(N(Sessions!BU9),0) -> 0 | BP7: =IFERROR(N(Sessions!BX9),0) -> 0 | BQ7: =IFERROR(N(Sessions!BZ9),0) -> 0 | BR7: =IFERROR(N(Sessions!CB9),0) -> 0 | BS7: =IFERROR(N(Sessions!CE9),0) -> 0 | BT7: =IFERROR(N(Sessions!CG9),0) -> 0 | BU7: =IFERROR(N(Sessions!CI9),0) -> 0 | BV7: =IF(B7=0,0,IFERROR(N(Sessions!D9),0)) -> 0 | BW7: =IF(C7=0,0,IFERROR(N(Sessions!D9),0)) -> 0 | BX7: =IF(D7=0,0,IFERROR(N(Sessions!D9),0)) -> 0 | BY7: =IF(E7=0,0,IFERROR(N(Sessions!K9),0)) -> 0 | BZ7: =IF(F7=0,0,IFERROR(N(Sessions!K9),0)) -> 0 | CA7: =IF(G7=0,0,IFERROR(N(Sessions!K9),0)) -> 0 | CB7: =IF(H7=0,0,IFERROR(N(Sessions!R9),0)) -> 0 | CC7: =IF(I7=0,0,IFERROR(N(Sessions!R9),0)) -> 0 | CD7: =IF(J7=0,0,IFERROR(N(Sessions!R9),0)) -> 0 | CE7: =IF(K7=0,0,IFERROR(N(Sessions!Y9),0)) -> 0 | CF7: =IF(L7=0,0,IFERROR(N(Sessions!Y9),0)) -> 0 | CG7: =IF(M7=0,0,IFERROR(N(Sessions!Y9),0)) -> 0 | CH7: =IF(N7=0,0,IFERROR(N(Sessions!AF9),0)) -> 0 | CI7: =IF(O7=0,0,IFERROR(N(Sessions!AF9),0)) -> 0 | CJ7: =IF(P7=0,0,IFERROR(N(Sessions!AF9),0)) -> 0 | CK7: =IF(Q7=0,0,IFERROR(N(Sessions!AM9),0)) -> 0 | CL7: =IF(R7=0,0,IFERROR(N(Sessions!AM9),0)) -> 0 | CM7: =IF(S7=0,0,IFERROR(N(Sessions!AM9),0)) -> 0 | CN7: =IF(T7=0,0,IFERROR(N(Sessions!AT9),0)) -> 0 | CO7: =IF(U7=0,0,IFERROR(N(Sessions!AT9),0)) -> 0 | CP7: =IF(V7=0,0,IFERROR(N(Sessions!AT9),0)) -> 0 | CQ7: =IF(W7=0,0,IFERROR(N(Sessions!BA9),0)) -> 0 | CR7: =IF(X7=0,0,IFERROR(N(Sessions!BA9),0)) -> 0 | CS7: =IF(Y7=0,0,IFERROR(N(Sessions!BA9),0)) -> 0 | CT7: =IF(Z7=0,0,IFERROR(N(Sessions!BH9),0)) -> 0 | CU7: =IF(AA7=0,0,IFERROR(N(Sessions!BH9),0)) -> 0 | CV7: =IF(AB7=0,0,IFERROR(N(Sessions!BH9),0)) -> 0 | CW7: =IF(AC7=0,0,IFERROR(N(Sessions!BO9),0)) -> 0 | CX7: =IF(AD7=0,0,IFERROR(N(Sessions!BO9),0)) -> 0 | CY7: =IF(AE7=0,0,IFERROR(N(Sessions!BO9),0)) -> 0 | CZ7: =IF(AF7=0,0,IFERROR(N(Sessions!BV9),0)) -> 0 | DA7: =IF(AG7=0,0,IFERROR(N(Sessions!BV9),0)) -> 0 | DB7: =IF(AH7=0,0,IFERROR(N(Sessions!BV9),0)) -> 0 | DC7: =IF(AI7=0,0,IFERROR(N(Sessions!CC9),0)) -> 0 | DD7: =IF(AJ7=0,0,IFERROR(N(Sessions!CC9),0)) -> 0 | DE7: =IF(AK7=0,0,IFERROR(N(Sessions!CC9),0)) -> 0 | DF7: =B7*100000+AL7 -> 3000000 | DG7: =C7*100000+AM7 -> 0 | DH7: =D7*100000+AN7 -> 0 | DI7: =E7*100000+AO7 -> 0 | DJ7: =F7*100000+AP7 -> 0 | DK7: =G7*100000+AQ7 -> 0 | DL7: =H7*100000+AR7 -> 0 | DM7: =I7*100000+AS7 -> 0 | ... EO7: =AK7*100000+BU7 -> 0
A8: =Sessions!B10 -> Dumbbell Bulgarian Split Squat | B8: =IFERROR(N(Sessions!E10),0) -> 5 | C8: =IFERROR(N(Sessions!G10),0) -> 0 | D8: =IFERROR(N(Sessions!I10),0) -> 0 | E8: =IFERROR(N(Sessions!L10),0) -> 0 | F8: =IFERROR(N(Sessions!N10),0) -> 0 | G8: =IFERROR(N(Sessions!P10),0) -> 0 | H8: =IFERROR(N(Sessions!S10),0) -> 0 | I8: =IFERROR(N(Sessions!U10),0) -> 0 | J8: =IFERROR(N(Sessions!W10),0) -> 0 | K8: =IFERROR(N(Sessions!Z10),0) -> 0 | L8: =IFERROR(N(Sessions!AB10),0) -> 0 | M8: =IFERROR(N(Sessions!AD10),0) -> 0 | N8: =IFERROR(N(Sessions!AG10),0) -> 0 | O8: =IFERROR(N(Sessions!AI10),0) -> 0 | P8: =IFERROR(N(Sessions!AK10),0) -> 0 | Q8: =IFERROR(N(Sessions!AN10),0) -> 0 | R8: =IFERROR(N(Sessions!AP10),0) -> 0 | S8: =IFERROR(N(Sessions!AR10),0) -> 0 | T8: =IFERROR(N(Sessions!AU10),0) -> 0 | U8: =IFERROR(N(Sessions!AW10),0) -> 0 | V8: =IFERROR(N(Sessions!AY10),0) -> 0 | W8: =IFERROR(N(Sessions!BB10),0) -> 0 | X8: =IFERROR(N(Sessions!BD10),0) -> 0 | Y8: =IFERROR(N(Sessions!BF10),0) -> 0 | Z8: =IFERROR(N(Sessions!BI10),0) -> 0 | AA8: =IFERROR(N(Sessions!BK10),0) -> 0 | AB8: =IFERROR(N(Sessions!BM10),0) -> 0 | AC8: =IFERROR(N(Sessions!BP10),0) -> 0 | AD8: =IFERROR(N(Sessions!BR10),0) -> 0 | AE8: =IFERROR(N(Sessions!BT10),0) -> 0 | AF8: =IFERROR(N(Sessions!BW10),0) -> 0 | AG8: =IFERROR(N(Sessions!BY10),0) -> 0 | AH8: =IFERROR(N(Sessions!CA10),0) -> 0 | AI8: =IFERROR(N(Sessions!CD10),0) -> 0 | AJ8: =IFERROR(N(Sessions!CF10),0) -> 0 | AK8: =IFERROR(N(Sessions!CH10),0) -> 0 | AL8: =IFERROR(N(Sessions!F10),0) -> 0 | AM8: =IFERROR(N(Sessions!H10),0) -> 0 | AN8: =IFERROR(N(Sessions!J10),0) -> 0 | AO8: =IFERROR(N(Sessions!M10),0) -> 0 | AP8: =IFERROR(N(Sessions!O10),0) -> 0 | AQ8: =IFERROR(N(Sessions!Q10),0) -> 0 | AR8: =IFERROR(N(Sessions!T10),0) -> 0 | AS8: =IFERROR(N(Sessions!V10),0) -> 0 | AT8: =IFERROR(N(Sessions!X10),0) -> 0 | AU8: =IFERROR(N(Sessions!AA10),0) -> 0 | AV8: =IFERROR(N(Sessions!AC10),0) -> 0 | AW8: =IFERROR(N(Sessions!AE10),0) -> 0 | AX8: =IFERROR(N(Sessions!AH10),0) -> 0 | AY8: =IFERROR(N(Sessions!AJ10),0) -> 0 | AZ8: =IFERROR(N(Sessions!AL10),0) -> 0 | BA8: =IFERROR(N(Sessions!AO10),0) -> 0 | BB8: =IFERROR(N(Sessions!AQ10),0) -> 0 | BC8: =IFERROR(N(Sessions!AS10),0) -> 0 | BD8: =IFERROR(N(Sessions!AV10),0) -> 0 | BE8: =IFERROR(N(Sessions!AX10),0) -> 0 | BF8: =IFERROR(N(Sessions!AZ10),0) -> 0 | BG8: =IFERROR(N(Sessions!BC10),0) -> 0 | BH8: =IFERROR(N(Sessions!BE10),0) -> 0 | BI8: =IFERROR(N(Sessions!BG10),0) -> 0 | BJ8: =IFERROR(N(Sessions!BJ10),0) -> 0 | BK8: =IFERROR(N(Sessions!BL10),0) -> 0 | BL8: =IFERROR(N(Sessions!BN10),0) -> 0 | BM8: =IFERROR(N(Sessions!BQ10),0) -> 0 | BN8: =IFERROR(N(Sessions!BS10),0) -> 0 | BO8: =IFERROR(N(Sessions!BU10),0) -> 0 | BP8: =IFERROR(N(Sessions!BX10),0) -> 0 | BQ8: =IFERROR(N(Sessions!BZ10),0) -> 0 | BR8: =IFERROR(N(Sessions!CB10),0) -> 0 | BS8: =IFERROR(N(Sessions!CE10),0) -> 0 | BT8: =IFERROR(N(Sessions!CG10),0) -> 0 | BU8: =IFERROR(N(Sessions!CI10),0) -> 0 | BV8: =IF(B8=0,0,IFERROR(N(Sessions!D10),0)) -> 0 | BW8: =IF(C8=0,0,IFERROR(N(Sessions!D10),0)) -> 0 | BX8: =IF(D8=0,0,IFERROR(N(Sessions!D10),0)) -> 0 | BY8: =IF(E8=0,0,IFERROR(N(Sessions!K10),0)) -> 0 | BZ8: =IF(F8=0,0,IFERROR(N(Sessions!K10),0)) -> 0 | CA8: =IF(G8=0,0,IFERROR(N(Sessions!K10),0)) -> 0 | CB8: =IF(H8=0,0,IFERROR(N(Sessions!R10),0)) -> 0 | CC8: =IF(I8=0,0,IFERROR(N(Sessions!R10),0)) -> 0 | CD8: =IF(J8=0,0,IFERROR(N(Sessions!R10),0)) -> 0 | CE8: =IF(K8=0,0,IFERROR(N(Sessions!Y10),0)) -> 0 | CF8: =IF(L8=0,0,IFERROR(N(Sessions!Y10),0)) -> 0 | CG8: =IF(M8=0,0,IFERROR(N(Sessions!Y10),0)) -> 0 | CH8: =IF(N8=0,0,IFERROR(N(Sessions!AF10),0)) -> 0 | CI8: =IF(O8=0,0,IFERROR(N(Sessions!AF10),0)) -> 0 | CJ8: =IF(P8=0,0,IFERROR(N(Sessions!AF10),0)) -> 0 | CK8: =IF(Q8=0,0,IFERROR(N(Sessions!AM10),0)) -> 0 | CL8: =IF(R8=0,0,IFERROR(N(Sessions!AM10),0)) -> 0 | CM8: =IF(S8=0,0,IFERROR(N(Sessions!AM10),0)) -> 0 | CN8: =IF(T8=0,0,IFERROR(N(Sessions!AT10),0)) -> 0 | CO8: =IF(U8=0,0,IFERROR(N(Sessions!AT10),0)) -> 0 | CP8: =IF(V8=0,0,IFERROR(N(Sessions!AT10),0)) -> 0 | CQ8: =IF(W8=0,0,IFERROR(N(Sessions!BA10),0)) -> 0 | CR8: =IF(X8=0,0,IFERROR(N(Sessions!BA10),0)) -> 0 | CS8: =IF(Y8=0,0,IFERROR(N(Sessions!BA10),0)) -> 0 | CT8: =IF(Z8=0,0,IFERROR(N(Sessions!BH10),0)) -> 0 | CU8: =IF(AA8=0,0,IFERROR(N(Sessions!BH10),0)) -> 0 | CV8: =IF(AB8=0,0,IFERROR(N(Sessions!BH10),0)) -> 0 | CW8: =IF(AC8=0,0,IFERROR(N(Sessions!BO10),0)) -> 0 | CX8: =IF(AD8=0,0,IFERROR(N(Sessions!BO10),0)) -> 0 | CY8: =IF(AE8=0,0,IFERROR(N(Sessions!BO10),0)) -> 0 | CZ8: =IF(AF8=0,0,IFERROR(N(Sessions!BV10),0)) -> 0 | DA8: =IF(AG8=0,0,IFERROR(N(Sessions!BV10),0)) -> 0 | DB8: =IF(AH8=0,0,IFERROR(N(Sessions!BV10),0)) -> 0 | DC8: =IF(AI8=0,0,IFERROR(N(Sessions!CC10),0)) -> 0 | DD8: =IF(AJ8=0,0,IFERROR(N(Sessions!CC10),0)) -> 0 | DE8: =IF(AK8=0,0,IFERROR(N(Sessions!CC10),0)) -> 0 | DF8: =B8*100000+AL8 -> 500000 | DG8: =C8*100000+AM8 -> 0 | DH8: =D8*100000+AN8 -> 0 | DI8: =E8*100000+AO8 -> 0 | DJ8: =F8*100000+AP8 -> 0 | DK8: =G8*100000+AQ8 -> 0 | DL8: =H8*100000+AR8 -> 0 | DM8: =I8*100000+AS8 -> 0 | ... EO8: =AK8*100000+BU8 -> 0
A9: =Sessions!B11 -> Single Leg Lying Hamstring Curl | B9: =IFERROR(N(Sessions!E11),0) -> 15 | C9: =IFERROR(N(Sessions!G11),0) -> 0 | D9: =IFERROR(N(Sessions!I11),0) -> 0 | E9: =IFERROR(N(Sessions!L11),0) -> 0 | F9: =IFERROR(N(Sessions!N11),0) -> 0 | G9: =IFERROR(N(Sessions!P11),0) -> 0 | H9: =IFERROR(N(Sessions!S11),0) -> 0 | I9: =IFERROR(N(Sessions!U11),0) -> 0 | J9: =IFERROR(N(Sessions!W11),0) -> 0 | K9: =IFERROR(N(Sessions!Z11),0) -> 0 | L9: =IFERROR(N(Sessions!AB11),0) -> 0 | M9: =IFERROR(N(Sessions!AD11),0) -> 0 | N9: =IFERROR(N(Sessions!AG11),0) -> 0 | O9: =IFERROR(N(Sessions!AI11),0) -> 0 | P9: =IFERROR(N(Sessions!AK11),0) -> 0 | Q9: =IFERROR(N(Sessions!AN11),0) -> 0 | R9: =IFERROR(N(Sessions!AP11),0) -> 0 | S9: =IFERROR(N(Sessions!AR11),0) -> 0 | T9: =IFERROR(N(Sessions!AU11),0) -> 0 | U9: =IFERROR(N(Sessions!AW11),0) -> 0 | V9: =IFERROR(N(Sessions!AY11),0) -> 0 | W9: =IFERROR(N(Sessions!BB11),0) -> 0 | X9: =IFERROR(N(Sessions!BD11),0) -> 0 | Y9: =IFERROR(N(Sessions!BF11),0) -> 0 | Z9: =IFERROR(N(Sessions!BI11),0) -> 0 | AA9: =IFERROR(N(Sessions!BK11),0) -> 0 | AB9: =IFERROR(N(Sessions!BM11),0) -> 0 | AC9: =IFERROR(N(Sessions!BP11),0) -> 0 | AD9: =IFERROR(N(Sessions!BR11),0) -> 0 | AE9: =IFERROR(N(Sessions!BT11),0) -> 0 | AF9: =IFERROR(N(Sessions!BW11),0) -> 0 | AG9: =IFERROR(N(Sessions!BY11),0) -> 0 | AH9: =IFERROR(N(Sessions!CA11),0) -> 0 | AI9: =IFERROR(N(Sessions!CD11),0) -> 0 | AJ9: =IFERROR(N(Sessions!CF11),0) -> 0 | AK9: =IFERROR(N(Sessions!CH11),0) -> 0 | AL9: =IFERROR(N(Sessions!F11),0) -> 0 | AM9: =IFERROR(N(Sessions!H11),0) -> 0 | AN9: =IFERROR(N(Sessions!J11),0) -> 0 | AO9: =IFERROR(N(Sessions!M11),0) -> 0 | AP9: =IFERROR(N(Sessions!O11),0) -> 0 | AQ9: =IFERROR(N(Sessions!Q11),0) -> 0 | AR9: =IFERROR(N(Sessions!T11),0) -> 0 | AS9: =IFERROR(N(Sessions!V11),0) -> 0 | AT9: =IFERROR(N(Sessions!X11),0) -> 0 | AU9: =IFERROR(N(Sessions!AA11),0) -> 0 | AV9: =IFERROR(N(Sessions!AC11),0) -> 0 | AW9: =IFERROR(N(Sessions!AE11),0) -> 0 | AX9: =IFERROR(N(Sessions!AH11),0) -> 0 | AY9: =IFERROR(N(Sessions!AJ11),0) -> 0 | AZ9: =IFERROR(N(Sessions!AL11),0) -> 0 | BA9: =IFERROR(N(Sessions!AO11),0) -> 0 | BB9: =IFERROR(N(Sessions!AQ11),0) -> 0 | BC9: =IFERROR(N(Sessions!AS11),0) -> 0 | BD9: =IFERROR(N(Sessions!AV11),0) -> 0 | BE9: =IFERROR(N(Sessions!AX11),0) -> 0 | BF9: =IFERROR(N(Sessions!AZ11),0) -> 0 | BG9: =IFERROR(N(Sessions!BC11),0) -> 0 | BH9: =IFERROR(N(Sessions!BE11),0) -> 0 | BI9: =IFERROR(N(Sessions!BG11),0) -> 0 | BJ9: =IFERROR(N(Sessions!BJ11),0) -> 0 | BK9: =IFERROR(N(Sessions!BL11),0) -> 0 | BL9: =IFERROR(N(Sessions!BN11),0) -> 0 | BM9: =IFERROR(N(Sessions!BQ11),0) -> 0 | BN9: =IFERROR(N(Sessions!BS11),0) -> 0 | BO9: =IFERROR(N(Sessions!BU11),0) -> 0 | BP9: =IFERROR(N(Sessions!BX11),0) -> 0 | BQ9: =IFERROR(N(Sessions!BZ11),0) -> 0 | BR9: =IFERROR(N(Sessions!CB11),0) -> 0 | BS9: =IFERROR(N(Sessions!CE11),0) -> 0 | BT9: =IFERROR(N(Sessions!CG11),0) -> 0 | BU9: =IFERROR(N(Sessions!CI11),0) -> 0 | BV9: =IF(B9=0,0,IFERROR(N(Sessions!D11),0)) -> 0 | BW9: =IF(C9=0,0,IFERROR(N(Sessions!D11),0)) -> 0 | BX9: =IF(D9=0,0,IFERROR(N(Sessions!D11),0)) -> 0 | BY9: =IF(E9=0,0,IFERROR(N(Sessions!K11),0)) -> 0 | BZ9: =IF(F9=0,0,IFERROR(N(Sessions!K11),0)) -> 0 | CA9: =IF(G9=0,0,IFERROR(N(Sessions!K11),0)) -> 0 | CB9: =IF(H9=0,0,IFERROR(N(Sessions!R11),0)) -> 0 | CC9: =IF(I9=0,0,IFERROR(N(Sessions!R11),0)) -> 0 | CD9: =IF(J9=0,0,IFERROR(N(Sessions!R11),0)) -> 0 | CE9: =IF(K9=0,0,IFERROR(N(Sessions!Y11),0)) -> 0 | CF9: =IF(L9=0,0,IFERROR(N(Sessions!Y11),0)) -> 0 | CG9: =IF(M9=0,0,IFERROR(N(Sessions!Y11),0)) -> 0 | CH9: =IF(N9=0,0,IFERROR(N(Sessions!AF11),0)) -> 0 | CI9: =IF(O9=0,0,IFERROR(N(Sessions!AF11),0)) -> 0 | CJ9: =IF(P9=0,0,IFERROR(N(Sessions!AF11),0)) -> 0 | CK9: =IF(Q9=0,0,IFERROR(N(Sessions!AM11),0)) -> 0 | CL9: =IF(R9=0,0,IFERROR(N(Sessions!AM11),0)) -> 0 | CM9: =IF(S9=0,0,IFERROR(N(Sessions!AM11),0)) -> 0 | CN9: =IF(T9=0,0,IFERROR(N(Sessions!AT11),0)) -> 0 | CO9: =IF(U9=0,0,IFERROR(N(Sessions!AT11),0)) -> 0 | CP9: =IF(V9=0,0,IFERROR(N(Sessions!AT11),0)) -> 0 | CQ9: =IF(W9=0,0,IFERROR(N(Sessions!BA11),0)) -> 0 | CR9: =IF(X9=0,0,IFERROR(N(Sessions!BA11),0)) -> 0 | CS9: =IF(Y9=0,0,IFERROR(N(Sessions!BA11),0)) -> 0 | CT9: =IF(Z9=0,0,IFERROR(N(Sessions!BH11),0)) -> 0 | CU9: =IF(AA9=0,0,IFERROR(N(Sessions!BH11),0)) -> 0 | CV9: =IF(AB9=0,0,IFERROR(N(Sessions!BH11),0)) -> 0 | CW9: =IF(AC9=0,0,IFERROR(N(Sessions!BO11),0)) -> 0 | CX9: =IF(AD9=0,0,IFERROR(N(Sessions!BO11),0)) -> 0 | CY9: =IF(AE9=0,0,IFERROR(N(Sessions!BO11),0)) -> 0 | CZ9: =IF(AF9=0,0,IFERROR(N(Sessions!BV11),0)) -> 0 | DA9: =IF(AG9=0,0,IFERROR(N(Sessions!BV11),0)) -> 0 | DB9: =IF(AH9=0,0,IFERROR(N(Sessions!BV11),0)) -> 0 | DC9: =IF(AI9=0,0,IFERROR(N(Sessions!CC11),0)) -> 0 | DD9: =IF(AJ9=0,0,IFERROR(N(Sessions!CC11),0)) -> 0 | DE9: =IF(AK9=0,0,IFERROR(N(Sessions!CC11),0)) -> 0 | DF9: =B9*100000+AL9 -> 1500000 | DG9: =C9*100000+AM9 -> 0 | DH9: =D9*100000+AN9 -> 0 | DI9: =E9*100000+AO9 -> 0 | DJ9: =F9*100000+AP9 -> 0 | DK9: =G9*100000+AQ9 -> 0 | DL9: =H9*100000+AR9 -> 0 | DM9: =I9*100000+AS9 -> 0 | ... EO9: =AK9*100000+BU9 -> 0
A10: =Sessions!B12 -> Leg Extension | B10: =IFERROR(N(Sessions!E12),0) -> 35 | C10: =IFERROR(N(Sessions!G12),0) -> 0 | D10: =IFERROR(N(Sessions!I12),0) -> 0 | E10: =IFERROR(N(Sessions!L12),0) -> 0 | F10: =IFERROR(N(Sessions!N12),0) -> 0 | G10: =IFERROR(N(Sessions!P12),0) -> 0 | H10: =IFERROR(N(Sessions!S12),0) -> 0 | I10: =IFERROR(N(Sessions!U12),0) -> 0 | J10: =IFERROR(N(Sessions!W12),0) -> 0 | K10: =IFERROR(N(Sessions!Z12),0) -> 0 | L10: =IFERROR(N(Sessions!AB12),0) -> 0 | M10: =IFERROR(N(Sessions!AD12),0) -> 0 | N10: =IFERROR(N(Sessions!AG12),0) -> 0 | O10: =IFERROR(N(Sessions!AI12),0) -> 0 | P10: =IFERROR(N(Sessions!AK12),0) -> 0 | Q10: =IFERROR(N(Sessions!AN12),0) -> 0 | R10: =IFERROR(N(Sessions!AP12),0) -> 0 | S10: =IFERROR(N(Sessions!AR12),0) -> 0 | T10: =IFERROR(N(Sessions!AU12),0) -> 0 | U10: =IFERROR(N(Sessions!AW12),0) -> 0 | V10: =IFERROR(N(Sessions!AY12),0) -> 0 | W10: =IFERROR(N(Sessions!BB12),0) -> 0 | X10: =IFERROR(N(Sessions!BD12),0) -> 0 | Y10: =IFERROR(N(Sessions!BF12),0) -> 0 | Z10: =IFERROR(N(Sessions!BI12),0) -> 0 | AA10: =IFERROR(N(Sessions!BK12),0) -> 0 | AB10: =IFERROR(N(Sessions!BM12),0) -> 0 | AC10: =IFERROR(N(Sessions!BP12),0) -> 0 | AD10: =IFERROR(N(Sessions!BR12),0) -> 0 | AE10: =IFERROR(N(Sessions!BT12),0) -> 0 | AF10: =IFERROR(N(Sessions!BW12),0) -> 0 | AG10: =IFERROR(N(Sessions!BY12),0) -> 0 | AH10: =IFERROR(N(Sessions!CA12),0) -> 0 | AI10: =IFERROR(N(Sessions!CD12),0) -> 0 | AJ10: =IFERROR(N(Sessions!CF12),0) -> 0 | AK10: =IFERROR(N(Sessions!CH12),0) -> 0 | AL10: =IFERROR(N(Sessions!F12),0) -> 0 | AM10: =IFERROR(N(Sessions!H12),0) -> 0 | AN10: =IFERROR(N(Sessions!J12),0) -> 0 | AO10: =IFERROR(N(Sessions!M12),0) -> 0 | AP10: =IFERROR(N(Sessions!O12),0) -> 0 | AQ10: =IFERROR(N(Sessions!Q12),0) -> 0 | AR10: =IFERROR(N(Sessions!T12),0) -> 0 | AS10: =IFERROR(N(Sessions!V12),0) -> 0 | AT10: =IFERROR(N(Sessions!X12),0) -> 0 | AU10: =IFERROR(N(Sessions!AA12),0) -> 0 | AV10: =IFERROR(N(Sessions!AC12),0) -> 0 | AW10: =IFERROR(N(Sessions!AE12),0) -> 0 | AX10: =IFERROR(N(Sessions!AH12),0) -> 0 | AY10: =IFERROR(N(Sessions!AJ12),0) -> 0 | AZ10: =IFERROR(N(Sessions!AL12),0) -> 0 | BA10: =IFERROR(N(Sessions!AO12),0) -> 0 | BB10: =IFERROR(N(Sessions!AQ12),0) -> 0 | BC10: =IFERROR(N(Sessions!AS12),0) -> 0 | BD10: =IFERROR(N(Sessions!AV12),0) -> 0 | BE10: =IFERROR(N(Sessions!AX12),0) -> 0 | BF10: =IFERROR(N(Sessions!AZ12),0) -> 0 | BG10: =IFERROR(N(Sessions!BC12),0) -> 0 | BH10: =IFERROR(N(Sessions!BE12),0) -> 0 | BI10: =IFERROR(N(Sessions!BG12),0) -> 0 | BJ10: =IFERROR(N(Sessions!BJ12),0) -> 0 | BK10: =IFERROR(N(Sessions!BL12),0) -> 0 | BL10: =IFERROR(N(Sessions!BN12),0) -> 0 | BM10: =IFERROR(N(Sessions!BQ12),0) -> 0 | BN10: =IFERROR(N(Sessions!BS12),0) -> 0 | BO10: =IFERROR(N(Sessions!BU12),0) -> 0 | BP10: =IFERROR(N(Sessions!BX12),0) -> 0 | BQ10: =IFERROR(N(Sessions!BZ12),0) -> 0 | BR10: =IFERROR(N(Sessions!CB12),0) -> 0 | BS10: =IFERROR(N(Sessions!CE12),0) -> 0 | BT10: =IFERROR(N(Sessions!CG12),0) -> 0 | BU10: =IFERROR(N(Sessions!CI12),0) -> 0 | BV10: =IF(B10=0,0,IFERROR(N(Sessions!D12),0)) -> 0 | BW10: =IF(C10=0,0,IFERROR(N(Sessions!D12),0)) -> 0 | BX10: =IF(D10=0,0,IFERROR(N(Sessions!D12),0)) -> 0 | BY10: =IF(E10=0,0,IFERROR(N(Sessions!K12),0)) -> 0 | BZ10: =IF(F10=0,0,IFERROR(N(Sessions!K12),0)) -> 0 | CA10: =IF(G10=0,0,IFERROR(N(Sessions!K12),0)) -> 0 | CB10: =IF(H10=0,0,IFERROR(N(Sessions!R12),0)) -> 0 | CC10: =IF(I10=0,0,IFERROR(N(Sessions!R12),0)) -> 0 | CD10: =IF(J10=0,0,IFERROR(N(Sessions!R12),0)) -> 0 | CE10: =IF(K10=0,0,IFERROR(N(Sessions!Y12),0)) -> 0 | CF10: =IF(L10=0,0,IFERROR(N(Sessions!Y12),0)) -> 0 | CG10: =IF(M10=0,0,IFERROR(N(Sessions!Y12),0)) -> 0 | CH10: =IF(N10=0,0,IFERROR(N(Sessions!AF12),0)) -> 0 | CI10: =IF(O10=0,0,IFERROR(N(Sessions!AF12),0)) -> 0 | CJ10: =IF(P10=0,0,IFERROR(N(Sessions!AF12),0)) -> 0 | CK10: =IF(Q10=0,0,IFERROR(N(Sessions!AM12),0)) -> 0 | CL10: =IF(R10=0,0,IFERROR(N(Sessions!AM12),0)) -> 0 | CM10: =IF(S10=0,0,IFERROR(N(Sessions!AM12),0)) -> 0 | CN10: =IF(T10=0,0,IFERROR(N(Sessions!AT12),0)) -> 0 | CO10: =IF(U10=0,0,IFERROR(N(Sessions!AT12),0)) -> 0 | CP10: =IF(V10=0,0,IFERROR(N(Sessions!AT12),0)) -> 0 | CQ10: =IF(W10=0,0,IFERROR(N(Sessions!BA12),0)) -> 0 | CR10: =IF(X10=0,0,IFERROR(N(Sessions!BA12),0)) -> 0 | CS10: =IF(Y10=0,0,IFERROR(N(Sessions!BA12),0)) -> 0 | CT10: =IF(Z10=0,0,IFERROR(N(Sessions!BH12),0)) -> 0 | CU10: =IF(AA10=0,0,IFERROR(N(Sessions!BH12),0)) -> 0 | CV10: =IF(AB10=0,0,IFERROR(N(Sessions!BH12),0)) -> 0 | CW10: =IF(AC10=0,0,IFERROR(N(Sessions!BO12),0)) -> 0 | CX10: =IF(AD10=0,0,IFERROR(N(Sessions!BO12),0)) -> 0 | CY10: =IF(AE10=0,0,IFERROR(N(Sessions!BO12),0)) -> 0 | CZ10: =IF(AF10=0,0,IFERROR(N(Sessions!BV12),0)) -> 0 | DA10: =IF(AG10=0,0,IFERROR(N(Sessions!BV12),0)) -> 0 | DB10: =IF(AH10=0,0,IFERROR(N(Sessions!BV12),0)) -> 0 | DC10: =IF(AI10=0,0,IFERROR(N(Sessions!CC12),0)) -> 0 | DD10: =IF(AJ10=0,0,IFERROR(N(Sessions!CC12),0)) -> 0 | DE10: =IF(AK10=0,0,IFERROR(N(Sessions!CC12),0)) -> 0 | DF10: =B10*100000+AL10 -> 3500000 | DG10: =C10*100000+AM10 -> 0 | DH10: =D10*100000+AN10 -> 0 | DI10: =E10*100000+AO10 -> 0 | DJ10: =F10*100000+AP10 -> 0 | DK10: =G10*100000+AQ10 -> 0 | DL10: =H10*100000+AR10 -> 0 | DM10: =I10*100000+AS10 -> 0 | ... EO10: =AK10*100000+BU10 -> 0
A11: =Sessions!B13 -> Banded Leg Raise (Dead Bug) | B11: =IFERROR(N(Sessions!E13),0) -> 0 | C11: =IFERROR(N(Sessions!G13),0) -> 0 | D11: =IFERROR(N(Sessions!I13),0) -> 0 | E11: =IFERROR(N(Sessions!L13),0) -> 0 | F11: =IFERROR(N(Sessions!N13),0) -> 0 | G11: =IFERROR(N(Sessions!P13),0) -> 0 | H11: =IFERROR(N(Sessions!S13),0) -> 0 | I11: =IFERROR(N(Sessions!U13),0) -> 0 | J11: =IFERROR(N(Sessions!W13),0) -> 0 | K11: =IFERROR(N(Sessions!Z13),0) -> 0 | L11: =IFERROR(N(Sessions!AB13),0) -> 0 | M11: =IFERROR(N(Sessions!AD13),0) -> 0 | N11: =IFERROR(N(Sessions!AG13),0) -> 0 | O11: =IFERROR(N(Sessions!AI13),0) -> 0 | P11: =IFERROR(N(Sessions!AK13),0) -> 0 | Q11: =IFERROR(N(Sessions!AN13),0) -> 0 | R11: =IFERROR(N(Sessions!AP13),0) -> 0 | S11: =IFERROR(N(Sessions!AR13),0) -> 0 | T11: =IFERROR(N(Sessions!AU13),0) -> 0 | U11: =IFERROR(N(Sessions!AW13),0) -> 0 | V11: =IFERROR(N(Sessions!AY13),0) -> 0 | W11: =IFERROR(N(Sessions!BB13),0) -> 0 | X11: =IFERROR(N(Sessions!BD13),0) -> 0 | Y11: =IFERROR(N(Sessions!BF13),0) -> 0 | Z11: =IFERROR(N(Sessions!BI13),0) -> 0 | AA11: =IFERROR(N(Sessions!BK13),0) -> 0 | AB11: =IFERROR(N(Sessions!BM13),0) -> 0 | AC11: =IFERROR(N(Sessions!BP13),0) -> 0 | AD11: =IFERROR(N(Sessions!BR13),0) -> 0 | AE11: =IFERROR(N(Sessions!BT13),0) -> 0 | AF11: =IFERROR(N(Sessions!BW13),0) -> 0 | AG11: =IFERROR(N(Sessions!BY13),0) -> 0 | AH11: =IFERROR(N(Sessions!CA13),0) -> 0 | AI11: =IFERROR(N(Sessions!CD13),0) -> 0 | AJ11: =IFERROR(N(Sessions!CF13),0) -> 0 | AK11: =IFERROR(N(Sessions!CH13),0) -> 0 | AL11: =IFERROR(N(Sessions!F13),0) -> 0 | AM11: =IFERROR(N(Sessions!H13),0) -> 0 | AN11: =IFERROR(N(Sessions!J13),0) -> 0 | AO11: =IFERROR(N(Sessions!M13),0) -> 0 | AP11: =IFERROR(N(Sessions!O13),0) -> 0 | AQ11: =IFERROR(N(Sessions!Q13),0) -> 0 | AR11: =IFERROR(N(Sessions!T13),0) -> 0 | AS11: =IFERROR(N(Sessions!V13),0) -> 0 | AT11: =IFERROR(N(Sessions!X13),0) -> 0 | AU11: =IFERROR(N(Sessions!AA13),0) -> 0 | AV11: =IFERROR(N(Sessions!AC13),0) -> 0 | AW11: =IFERROR(N(Sessions!AE13),0) -> 0 | AX11: =IFERROR(N(Sessions!AH13),0) -> 0 | AY11: =IFERROR(N(Sessions!AJ13),0) -> 0 | AZ11: =IFERROR(N(Sessions!AL13),0) -> 0 | BA11: =IFERROR(N(Sessions!AO13),0) -> 0 | BB11: =IFERROR(N(Sessions!AQ13),0) -> 0 | BC11: =IFERROR(N(Sessions!AS13),0) -> 0 | BD11: =IFERROR(N(Sessions!AV13),0) -> 0 | BE11: =IFERROR(N(Sessions!AX13),0) -> 0 | BF11: =IFERROR(N(Sessions!AZ13),0) -> 0 | BG11: =IFERROR(N(Sessions!BC13),0) -> 0 | BH11: =IFERROR(N(Sessions!BE13),0) -> 0 | BI11: =IFERROR(N(Sessions!BG13),0) -> 0 | BJ11: =IFERROR(N(Sessions!BJ13),0) -> 0 | BK11: =IFERROR(N(Sessions!BL13),0) -> 0 | BL11: =IFERROR(N(Sessions!BN13),0) -> 0 | BM11: =IFERROR(N(Sessions!BQ13),0) -> 0 | BN11: =IFERROR(N(Sessions!BS13),0) -> 0 | BO11: =IFERROR(N(Sessions!BU13),0) -> 0 | BP11: =IFERROR(N(Sessions!BX13),0) -> 0 | BQ11: =IFERROR(N(Sessions!BZ13),0) -> 0 | BR11: =IFERROR(N(Sessions!CB13),0) -> 0 | BS11: =IFERROR(N(Sessions!CE13),0) -> 0 | BT11: =IFERROR(N(Sessions!CG13),0) -> 0 | BU11: =IFERROR(N(Sessions!CI13),0) -> 0 | BV11: =IF(B11=0,0,IFERROR(N(Sessions!D13),0)) -> 0 | BW11: =IF(C11=0,0,IFERROR(N(Sessions!D13),0)) -> 0 | BX11: =IF(D11=0,0,IFERROR(N(Sessions!D13),0)) -> 0 | BY11: =IF(E11=0,0,IFERROR(N(Sessions!K13),0)) -> 0 | BZ11: =IF(F11=0,0,IFERROR(N(Sessions!K13),0)) -> 0 | CA11: =IF(G11=0,0,IFERROR(N(Sessions!K13),0)) -> 0 | CB11: =IF(H11=0,0,IFERROR(N(Sessions!R13),0)) -> 0 | CC11: =IF(I11=0,0,IFERROR(N(Sessions!R13),0)) -> 0 | CD11: =IF(J11=0,0,IFERROR(N(Sessions!R13),0)) -> 0 | CE11: =IF(K11=0,0,IFERROR(N(Sessions!Y13),0)) -> 0 | CF11: =IF(L11=0,0,IFERROR(N(Sessions!Y13),0)) -> 0 | CG11: =IF(M11=0,0,IFERROR(N(Sessions!Y13),0)) -> 0 | CH11: =IF(N11=0,0,IFERROR(N(Sessions!AF13),0)) -> 0 | CI11: =IF(O11=0,0,IFERROR(N(Sessions!AF13),0)) -> 0 | CJ11: =IF(P11=0,0,IFERROR(N(Sessions!AF13),0)) -> 0 | CK11: =IF(Q11=0,0,IFERROR(N(Sessions!AM13),0)) -> 0 | CL11: =IF(R11=0,0,IFERROR(N(Sessions!AM13),0)) -> 0 | CM11: =IF(S11=0,0,IFERROR(N(Sessions!AM13),0)) -> 0 | CN11: =IF(T11=0,0,IFERROR(N(Sessions!AT13),0)) -> 0 | CO11: =IF(U11=0,0,IFERROR(N(Sessions!AT13),0)) -> 0 | CP11: =IF(V11=0,0,IFERROR(N(Sessions!AT13),0)) -> 0 | CQ11: =IF(W11=0,0,IFERROR(N(Sessions!BA13),0)) -> 0 | CR11: =IF(X11=0,0,IFERROR(N(Sessions!BA13),0)) -> 0 | CS11: =IF(Y11=0,0,IFERROR(N(Sessions!BA13),0)) -> 0 | CT11: =IF(Z11=0,0,IFERROR(N(Sessions!BH13),0)) -> 0 | CU11: =IF(AA11=0,0,IFERROR(N(Sessions!BH13),0)) -> 0 | CV11: =IF(AB11=0,0,IFERROR(N(Sessions!BH13),0)) -> 0 | CW11: =IF(AC11=0,0,IFERROR(N(Sessions!BO13),0)) -> 0 | CX11: =IF(AD11=0,0,IFERROR(N(Sessions!BO13),0)) -> 0 | CY11: =IF(AE11=0,0,IFERROR(N(Sessions!BO13),0)) -> 0 | CZ11: =IF(AF11=0,0,IFERROR(N(Sessions!BV13),0)) -> 0 | DA11: =IF(AG11=0,0,IFERROR(N(Sessions!BV13),0)) -> 0 | DB11: =IF(AH11=0,0,IFERROR(N(Sessions!BV13),0)) -> 0 | DC11: =IF(AI11=0,0,IFERROR(N(Sessions!CC13),0)) -> 0 | DD11: =IF(AJ11=0,0,IFERROR(N(Sessions!CC13),0)) -> 0 | DE11: =IF(AK11=0,0,IFERROR(N(Sessions!CC13),0)) -> 0 | DF11: =B11*100000+AL11 -> 0 | DG11: =C11*100000+AM11 -> 0 | DH11: =D11*100000+AN11 -> 0 | DI11: =E11*100000+AO11 -> 0 | DJ11: =F11*100000+AP11 -> 0 | DK11: =G11*100000+AQ11 -> 0 | DL11: =H11*100000+AR11 -> 0 | DM11: =I11*100000+AS11 -> 0 | ... EO11: =AK11*100000+BU11 -> 0
A12: =Sessions!B15 -> Flat Dumbbell Press | B12: =IFERROR(N(Sessions!E15),0) -> 15 | C12: =IFERROR(N(Sessions!G15),0) -> 0 | D12: =IFERROR(N(Sessions!I15),0) -> 0 | E12: =IFERROR(N(Sessions!L15),0) -> 0 | F12: =IFERROR(N(Sessions!N15),0) -> 0 | G12: =IFERROR(N(Sessions!P15),0) -> 0 | H12: =IFERROR(N(Sessions!S15),0) -> 0 | I12: =IFERROR(N(Sessions!U15),0) -> 0 | J12: =IFERROR(N(Sessions!W15),0) -> 0 | K12: =IFERROR(N(Sessions!Z15),0) -> 0 | L12: =IFERROR(N(Sessions!AB15),0) -> 0 | M12: =IFERROR(N(Sessions!AD15),0) -> 0 | N12: =IFERROR(N(Sessions!AG15),0) -> 0 | O12: =IFERROR(N(Sessions!AI15),0) -> 0 | P12: =IFERROR(N(Sessions!AK15),0) -> 0 | Q12: =IFERROR(N(Sessions!AN15),0) -> 0 | R12: =IFERROR(N(Sessions!AP15),0) -> 0 | S12: =IFERROR(N(Sessions!AR15),0) -> 0 | T12: =IFERROR(N(Sessions!AU15),0) -> 0 | U12: =IFERROR(N(Sessions!AW15),0) -> 0 | V12: =IFERROR(N(Sessions!AY15),0) -> 0 | W12: =IFERROR(N(Sessions!BB15),0) -> 0 | X12: =IFERROR(N(Sessions!BD15),0) -> 0 | Y12: =IFERROR(N(Sessions!BF15),0) -> 0 | Z12: =IFERROR(N(Sessions!BI15),0) -> 0 | AA12: =IFERROR(N(Sessions!BK15),0) -> 0 | AB12: =IFERROR(N(Sessions!BM15),0) -> 0 | AC12: =IFERROR(N(Sessions!BP15),0) -> 0 | AD12: =IFERROR(N(Sessions!BR15),0) -> 0 | AE12: =IFERROR(N(Sessions!BT15),0) -> 0 | AF12: =IFERROR(N(Sessions!BW15),0) -> 0 | AG12: =IFERROR(N(Sessions!BY15),0) -> 0 | AH12: =IFERROR(N(Sessions!CA15),0) -> 0 | AI12: =IFERROR(N(Sessions!CD15),0) -> 0 | AJ12: =IFERROR(N(Sessions!CF15),0) -> 0 | AK12: =IFERROR(N(Sessions!CH15),0) -> 0 | AL12: =IFERROR(N(Sessions!F15),0) -> 0 | AM12: =IFERROR(N(Sessions!H15),0) -> 0 | AN12: =IFERROR(N(Sessions!J15),0) -> 0 | AO12: =IFERROR(N(Sessions!M15),0) -> 0 | AP12: =IFERROR(N(Sessions!O15),0) -> 0 | AQ12: =IFERROR(N(Sessions!Q15),0) -> 0 | AR12: =IFERROR(N(Sessions!T15),0) -> 0 | AS12: =IFERROR(N(Sessions!V15),0) -> 0 | AT12: =IFERROR(N(Sessions!X15),0) -> 0 | AU12: =IFERROR(N(Sessions!AA15),0) -> 0 | AV12: =IFERROR(N(Sessions!AC15),0) -> 0 | AW12: =IFERROR(N(Sessions!AE15),0) -> 0 | AX12: =IFERROR(N(Sessions!AH15),0) -> 0 | AY12: =IFERROR(N(Sessions!AJ15),0) -> 0 | AZ12: =IFERROR(N(Sessions!AL15),0) -> 0 | BA12: =IFERROR(N(Sessions!AO15),0) -> 0 | BB12: =IFERROR(N(Sessions!AQ15),0) -> 0 | BC12: =IFERROR(N(Sessions!AS15),0) -> 0 | BD12: =IFERROR(N(Sessions!AV15),0) -> 0 | BE12: =IFERROR(N(Sessions!AX15),0) -> 0 | BF12: =IFERROR(N(Sessions!AZ15),0) -> 0 | BG12: =IFERROR(N(Sessions!BC15),0) -> 0 | BH12: =IFERROR(N(Sessions!BE15),0) -> 0 | BI12: =IFERROR(N(Sessions!BG15),0) -> 0 | BJ12: =IFERROR(N(Sessions!BJ15),0) -> 0 | BK12: =IFERROR(N(Sessions!BL15),0) -> 0 | BL12: =IFERROR(N(Sessions!BN15),0) -> 0 | BM12: =IFERROR(N(Sessions!BQ15),0) -> 0 | BN12: =IFERROR(N(Sessions!BS15),0) -> 0 | BO12: =IFERROR(N(Sessions!BU15),0) -> 0 | BP12: =IFERROR(N(Sessions!BX15),0) -> 0 | BQ12: =IFERROR(N(Sessions!BZ15),0) -> 0 | BR12: =IFERROR(N(Sessions!CB15),0) -> 0 | BS12: =IFERROR(N(Sessions!CE15),0) -> 0 | BT12: =IFERROR(N(Sessions!CG15),0) -> 0 | BU12: =IFERROR(N(Sessions!CI15),0) -> 0 | BV12: =IF(B12=0,0,IFERROR(N(Sessions!D15),0)) -> 0 | BW12: =IF(C12=0,0,IFERROR(N(Sessions!D15),0)) -> 0 | BX12: =IF(D12=0,0,IFERROR(N(Sessions!D15),0)) -> 0 | BY12: =IF(E12=0,0,IFERROR(N(Sessions!K15),0)) -> 0 | BZ12: =IF(F12=0,0,IFERROR(N(Sessions!K15),0)) -> 0 | CA12: =IF(G12=0,0,IFERROR(N(Sessions!K15),0)) -> 0 | CB12: =IF(H12=0,0,IFERROR(N(Sessions!R15),0)) -> 0 | CC12: =IF(I12=0,0,IFERROR(N(Sessions!R15),0)) -> 0 | CD12: =IF(J12=0,0,IFERROR(N(Sessions!R15),0)) -> 0 | CE12: =IF(K12=0,0,IFERROR(N(Sessions!Y15),0)) -> 0 | CF12: =IF(L12=0,0,IFERROR(N(Sessions!Y15),0)) -> 0 | CG12: =IF(M12=0,0,IFERROR(N(Sessions!Y15),0)) -> 0 | CH12: =IF(N12=0,0,IFERROR(N(Sessions!AF15),0)) -> 0 | CI12: =IF(O12=0,0,IFERROR(N(Sessions!AF15),0)) -> 0 | CJ12: =IF(P12=0,0,IFERROR(N(Sessions!AF15),0)) -> 0 | CK12: =IF(Q12=0,0,IFERROR(N(Sessions!AM15),0)) -> 0 | CL12: =IF(R12=0,0,IFERROR(N(Sessions!AM15),0)) -> 0 | CM12: =IF(S12=0,0,IFERROR(N(Sessions!AM15),0)) -> 0 | CN12: =IF(T12=0,0,IFERROR(N(Sessions!AT15),0)) -> 0 | CO12: =IF(U12=0,0,IFERROR(N(Sessions!AT15),0)) -> 0 | CP12: =IF(V12=0,0,IFERROR(N(Sessions!AT15),0)) -> 0 | CQ12: =IF(W12=0,0,IFERROR(N(Sessions!BA15),0)) -> 0 | CR12: =IF(X12=0,0,IFERROR(N(Sessions!BA15),0)) -> 0 | CS12: =IF(Y12=0,0,IFERROR(N(Sessions!BA15),0)) -> 0 | CT12: =IF(Z12=0,0,IFERROR(N(Sessions!BH15),0)) -> 0 | CU12: =IF(AA12=0,0,IFERROR(N(Sessions!BH15),0)) -> 0 | CV12: =IF(AB12=0,0,IFERROR(N(Sessions!BH15),0)) -> 0 | CW12: =IF(AC12=0,0,IFERROR(N(Sessions!BO15),0)) -> 0 | CX12: =IF(AD12=0,0,IFERROR(N(Sessions!BO15),0)) -> 0 | CY12: =IF(AE12=0,0,IFERROR(N(Sessions!BO15),0)) -> 0 | CZ12: =IF(AF12=0,0,IFERROR(N(Sessions!BV15),0)) -> 0 | DA12: =IF(AG12=0,0,IFERROR(N(Sessions!BV15),0)) -> 0 | DB12: =IF(AH12=0,0,IFERROR(N(Sessions!BV15),0)) -> 0 | DC12: =IF(AI12=0,0,IFERROR(N(Sessions!CC15),0)) -> 0 | DD12: =IF(AJ12=0,0,IFERROR(N(Sessions!CC15),0)) -> 0 | DE12: =IF(AK12=0,0,IFERROR(N(Sessions!CC15),0)) -> 0 | DF12: =B12*100000+AL12 -> 1500000 | DG12: =C12*100000+AM12 -> 0 | DH12: =D12*100000+AN12 -> 0 | DI12: =E12*100000+AO12 -> 0 | DJ12: =F12*100000+AP12 -> 0 | DK12: =G12*100000+AQ12 -> 0 | DL12: =H12*100000+AR12 -> 0 | DM12: =I12*100000+AS12 -> 0 | ... EO12: =AK12*100000+BU12 -> 0
A13: =Sessions!B16 -> Lat Pull Down | B13: =IFERROR(N(Sessions!E16),0) -> 45 | C13: =IFERROR(N(Sessions!G16),0) -> 0 | D13: =IFERROR(N(Sessions!I16),0) -> 0 | E13: =IFERROR(N(Sessions!L16),0) -> 0 | F13: =IFERROR(N(Sessions!N16),0) -> 0 | G13: =IFERROR(N(Sessions!P16),0) -> 0 | H13: =IFERROR(N(Sessions!S16),0) -> 0 | I13: =IFERROR(N(Sessions!U16),0) -> 0 | J13: =IFERROR(N(Sessions!W16),0) -> 0 | K13: =IFERROR(N(Sessions!Z16),0) -> 0 | L13: =IFERROR(N(Sessions!AB16),0) -> 0 | M13: =IFERROR(N(Sessions!AD16),0) -> 0 | N13: =IFERROR(N(Sessions!AG16),0) -> 0 | O13: =IFERROR(N(Sessions!AI16),0) -> 0 | P13: =IFERROR(N(Sessions!AK16),0) -> 0 | Q13: =IFERROR(N(Sessions!AN16),0) -> 0 | R13: =IFERROR(N(Sessions!AP16),0) -> 0 | S13: =IFERROR(N(Sessions!AR16),0) -> 0 | T13: =IFERROR(N(Sessions!AU16),0) -> 0 | U13: =IFERROR(N(Sessions!AW16),0) -> 0 | V13: =IFERROR(N(Sessions!AY16),0) -> 0 | W13: =IFERROR(N(Sessions!BB16),0) -> 0 | X13: =IFERROR(N(Sessions!BD16),0) -> 0 | Y13: =IFERROR(N(Sessions!BF16),0) -> 0 | Z13: =IFERROR(N(Sessions!BI16),0) -> 0 | AA13: =IFERROR(N(Sessions!BK16),0) -> 0 | AB13: =IFERROR(N(Sessions!BM16),0) -> 0 | AC13: =IFERROR(N(Sessions!BP16),0) -> 0 | AD13: =IFERROR(N(Sessions!BR16),0) -> 0 | AE13: =IFERROR(N(Sessions!BT16),0) -> 0 | AF13: =IFERROR(N(Sessions!BW16),0) -> 0 | AG13: =IFERROR(N(Sessions!BY16),0) -> 0 | AH13: =IFERROR(N(Sessions!CA16),0) -> 0 | AI13: =IFERROR(N(Sessions!CD16),0) -> 0 | AJ13: =IFERROR(N(Sessions!CF16),0) -> 0 | AK13: =IFERROR(N(Sessions!CH16),0) -> 0 | AL13: =IFERROR(N(Sessions!F16),0) -> 0 | AM13: =IFERROR(N(Sessions!H16),0) -> 0 | AN13: =IFERROR(N(Sessions!J16),0) -> 0 | AO13: =IFERROR(N(Sessions!M16),0) -> 0 | AP13: =IFERROR(N(Sessions!O16),0) -> 0 | AQ13: =IFERROR(N(Sessions!Q16),0) -> 0 | AR13: =IFERROR(N(Sessions!T16),0) -> 0 | AS13: =IFERROR(N(Sessions!V16),0) -> 0 | AT13: =IFERROR(N(Sessions!X16),0) -> 0 | AU13: =IFERROR(N(Sessions!AA16),0) -> 0 | AV13: =IFERROR(N(Sessions!AC16),0) -> 0 | AW13: =IFERROR(N(Sessions!AE16),0) -> 0 | AX13: =IFERROR(N(Sessions!AH16),0) -> 0 | AY13: =IFERROR(N(Sessions!AJ16),0) -> 0 | AZ13: =IFERROR(N(Sessions!AL16),0) -> 0 | BA13: =IFERROR(N(Sessions!AO16),0) -> 0 | BB13: =IFERROR(N(Sessions!AQ16),0) -> 0 | BC13: =IFERROR(N(Sessions!AS16),0) -> 0 | BD13: =IFERROR(N(Sessions!AV16),0) -> 0 | BE13: =IFERROR(N(Sessions!AX16),0) -> 0 | BF13: =IFERROR(N(Sessions!AZ16),0) -> 0 | BG13: =IFERROR(N(Sessions!BC16),0) -> 0 | BH13: =IFERROR(N(Sessions!BE16),0) -> 0 | BI13: =IFERROR(N(Sessions!BG16),0) -> 0 | BJ13: =IFERROR(N(Sessions!BJ16),0) -> 0 | BK13: =IFERROR(N(Sessions!BL16),0) -> 0 | BL13: =IFERROR(N(Sessions!BN16),0) -> 0 | BM13: =IFERROR(N(Sessions!BQ16),0) -> 0 | BN13: =IFERROR(N(Sessions!BS16),0) -> 0 | BO13: =IFERROR(N(Sessions!BU16),0) -> 0 | BP13: =IFERROR(N(Sessions!BX16),0) -> 0 | BQ13: =IFERROR(N(Sessions!BZ16),0) -> 0 | BR13: =IFERROR(N(Sessions!CB16),0) -> 0 | BS13: =IFERROR(N(Sessions!CE16),0) -> 0 | BT13: =IFERROR(N(Sessions!CG16),0) -> 0 | BU13: =IFERROR(N(Sessions!CI16),0) -> 0 | BV13: =IF(B13=0,0,IFERROR(N(Sessions!D16),0)) -> 0 | BW13: =IF(C13=0,0,IFERROR(N(Sessions!D16),0)) -> 0 | BX13: =IF(D13=0,0,IFERROR(N(Sessions!D16),0)) -> 0 | BY13: =IF(E13=0,0,IFERROR(N(Sessions!K16),0)) -> 0 | BZ13: =IF(F13=0,0,IFERROR(N(Sessions!K16),0)) -> 0 | CA13: =IF(G13=0,0,IFERROR(N(Sessions!K16),0)) -> 0 | CB13: =IF(H13=0,0,IFERROR(N(Sessions!R16),0)) -> 0 | CC13: =IF(I13=0,0,IFERROR(N(Sessions!R16),0)) -> 0 | CD13: =IF(J13=0,0,IFERROR(N(Sessions!R16),0)) -> 0 | CE13: =IF(K13=0,0,IFERROR(N(Sessions!Y16),0)) -> 0 | CF13: =IF(L13=0,0,IFERROR(N(Sessions!Y16),0)) -> 0 | CG13: =IF(M13=0,0,IFERROR(N(Sessions!Y16),0)) -> 0 | CH13: =IF(N13=0,0,IFERROR(N(Sessions!AF16),0)) -> 0 | CI13: =IF(O13=0,0,IFERROR(N(Sessions!AF16),0)) -> 0 | CJ13: =IF(P13=0,0,IFERROR(N(Sessions!AF16),0)) -> 0 | CK13: =IF(Q13=0,0,IFERROR(N(Sessions!AM16),0)) -> 0 | CL13: =IF(R13=0,0,IFERROR(N(Sessions!AM16),0)) -> 0 | CM13: =IF(S13=0,0,IFERROR(N(Sessions!AM16),0)) -> 0 | CN13: =IF(T13=0,0,IFERROR(N(Sessions!AT16),0)) -> 0 | CO13: =IF(U13=0,0,IFERROR(N(Sessions!AT16),0)) -> 0 | CP13: =IF(V13=0,0,IFERROR(N(Sessions!AT16),0)) -> 0 | CQ13: =IF(W13=0,0,IFERROR(N(Sessions!BA16),0)) -> 0 | CR13: =IF(X13=0,0,IFERROR(N(Sessions!BA16),0)) -> 0 | CS13: =IF(Y13=0,0,IFERROR(N(Sessions!BA16),0)) -> 0 | CT13: =IF(Z13=0,0,IFERROR(N(Sessions!BH16),0)) -> 0 | CU13: =IF(AA13=0,0,IFERROR(N(Sessions!BH16),0)) -> 0 | CV13: =IF(AB13=0,0,IFERROR(N(Sessions!BH16),0)) -> 0 | CW13: =IF(AC13=0,0,IFERROR(N(Sessions!BO16),0)) -> 0 | CX13: =IF(AD13=0,0,IFERROR(N(Sessions!BO16),0)) -> 0 | CY13: =IF(AE13=0,0,IFERROR(N(Sessions!BO16),0)) -> 0 | CZ13: =IF(AF13=0,0,IFERROR(N(Sessions!BV16),0)) -> 0 | DA13: =IF(AG13=0,0,IFERROR(N(Sessions!BV16),0)) -> 0 | DB13: =IF(AH13=0,0,IFERROR(N(Sessions!BV16),0)) -> 0 | DC13: =IF(AI13=0,0,IFERROR(N(Sessions!CC16),0)) -> 0 | DD13: =IF(AJ13=0,0,IFERROR(N(Sessions!CC16),0)) -> 0 | DE13: =IF(AK13=0,0,IFERROR(N(Sessions!CC16),0)) -> 0 | DF13: =B13*100000+AL13 -> 4500000 | DG13: =C13*100000+AM13 -> 0 | DH13: =D13*100000+AN13 -> 0 | DI13: =E13*100000+AO13 -> 0 | DJ13: =F13*100000+AP13 -> 0 | DK13: =G13*100000+AQ13 -> 0 | DL13: =H13*100000+AR13 -> 0 | DM13: =I13*100000+AS13 -> 0 | ... EO13: =AK13*100000+BU13 -> 0
A14: =Sessions!B17 -> Cable Chest Fly | B14: =IFERROR(N(Sessions!E17),0) -> 15 | C14: =IFERROR(N(Sessions!G17),0) -> 0 | D14: =IFERROR(N(Sessions!I17),0) -> 0 | E14: =IFERROR(N(Sessions!L17),0) -> 0 | F14: =IFERROR(N(Sessions!N17),0) -> 0 | G14: =IFERROR(N(Sessions!P17),0) -> 0 | H14: =IFERROR(N(Sessions!S17),0) -> 0 | I14: =IFERROR(N(Sessions!U17),0) -> 0 | J14: =IFERROR(N(Sessions!W17),0) -> 0 | K14: =IFERROR(N(Sessions!Z17),0) -> 0 | L14: =IFERROR(N(Sessions!AB17),0) -> 0 | M14: =IFERROR(N(Sessions!AD17),0) -> 0 | N14: =IFERROR(N(Sessions!AG17),0) -> 0 | O14: =IFERROR(N(Sessions!AI17),0) -> 0 | P14: =IFERROR(N(Sessions!AK17),0) -> 0 | Q14: =IFERROR(N(Sessions!AN17),0) -> 0 | R14: =IFERROR(N(Sessions!AP17),0) -> 0 | S14: =IFERROR(N(Sessions!AR17),0) -> 0 | T14: =IFERROR(N(Sessions!AU17),0) -> 0 | U14: =IFERROR(N(Sessions!AW17),0) -> 0 | V14: =IFERROR(N(Sessions!AY17),0) -> 0 | W14: =IFERROR(N(Sessions!BB17),0) -> 0 | X14: =IFERROR(N(Sessions!BD17),0) -> 0 | Y14: =IFERROR(N(Sessions!BF17),0) -> 0 | Z14: =IFERROR(N(Sessions!BI17),0) -> 0 | AA14: =IFERROR(N(Sessions!BK17),0) -> 0 | AB14: =IFERROR(N(Sessions!BM17),0) -> 0 | AC14: =IFERROR(N(Sessions!BP17),0) -> 0 | AD14: =IFERROR(N(Sessions!BR17),0) -> 0 | AE14: =IFERROR(N(Sessions!BT17),0) -> 0 | AF14: =IFERROR(N(Sessions!BW17),0) -> 0 | AG14: =IFERROR(N(Sessions!BY17),0) -> 0 | AH14: =IFERROR(N(Sessions!CA17),0) -> 0 | AI14: =IFERROR(N(Sessions!CD17),0) -> 0 | AJ14: =IFERROR(N(Sessions!CF17),0) -> 0 | AK14: =IFERROR(N(Sessions!CH17),0) -> 0 | AL14: =IFERROR(N(Sessions!F17),0) -> 0 | AM14: =IFERROR(N(Sessions!H17),0) -> 0 | AN14: =IFERROR(N(Sessions!J17),0) -> 0 | AO14: =IFERROR(N(Sessions!M17),0) -> 0 | AP14: =IFERROR(N(Sessions!O17),0) -> 0 | AQ14: =IFERROR(N(Sessions!Q17),0) -> 0 | AR14: =IFERROR(N(Sessions!T17),0) -> 0 | AS14: =IFERROR(N(Sessions!V17),0) -> 0 | AT14: =IFERROR(N(Sessions!X17),0) -> 0 | AU14: =IFERROR(N(Sessions!AA17),0) -> 0 | AV14: =IFERROR(N(Sessions!AC17),0) -> 0 | AW14: =IFERROR(N(Sessions!AE17),0) -> 0 | AX14: =IFERROR(N(Sessions!AH17),0) -> 0 | AY14: =IFERROR(N(Sessions!AJ17),0) -> 0 | AZ14: =IFERROR(N(Sessions!AL17),0) -> 0 | BA14: =IFERROR(N(Sessions!AO17),0) -> 0 | BB14: =IFERROR(N(Sessions!AQ17),0) -> 0 | BC14: =IFERROR(N(Sessions!AS17),0) -> 0 | BD14: =IFERROR(N(Sessions!AV17),0) -> 0 | BE14: =IFERROR(N(Sessions!AX17),0) -> 0 | BF14: =IFERROR(N(Sessions!AZ17),0) -> 0 | BG14: =IFERROR(N(Sessions!BC17),0) -> 0 | BH14: =IFERROR(N(Sessions!BE17),0) -> 0 | BI14: =IFERROR(N(Sessions!BG17),0) -> 0 | BJ14: =IFERROR(N(Sessions!BJ17),0) -> 0 | BK14: =IFERROR(N(Sessions!BL17),0) -> 0 | BL14: =IFERROR(N(Sessions!BN17),0) -> 0 | BM14: =IFERROR(N(Sessions!BQ17),0) -> 0 | BN14: =IFERROR(N(Sessions!BS17),0) -> 0 | BO14: =IFERROR(N(Sessions!BU17),0) -> 0 | BP14: =IFERROR(N(Sessions!BX17),0) -> 0 | BQ14: =IFERROR(N(Sessions!BZ17),0) -> 0 | BR14: =IFERROR(N(Sessions!CB17),0) -> 0 | BS14: =IFERROR(N(Sessions!CE17),0) -> 0 | BT14: =IFERROR(N(Sessions!CG17),0) -> 0 | BU14: =IFERROR(N(Sessions!CI17),0) -> 0 | BV14: =IF(B14=0,0,IFERROR(N(Sessions!D17),0)) -> 0 | BW14: =IF(C14=0,0,IFERROR(N(Sessions!D17),0)) -> 0 | BX14: =IF(D14=0,0,IFERROR(N(Sessions!D17),0)) -> 0 | BY14: =IF(E14=0,0,IFERROR(N(Sessions!K17),0)) -> 0 | BZ14: =IF(F14=0,0,IFERROR(N(Sessions!K17),0)) -> 0 | CA14: =IF(G14=0,0,IFERROR(N(Sessions!K17),0)) -> 0 | CB14: =IF(H14=0,0,IFERROR(N(Sessions!R17),0)) -> 0 | CC14: =IF(I14=0,0,IFERROR(N(Sessions!R17),0)) -> 0 | CD14: =IF(J14=0,0,IFERROR(N(Sessions!R17),0)) -> 0 | CE14: =IF(K14=0,0,IFERROR(N(Sessions!Y17),0)) -> 0 | CF14: =IF(L14=0,0,IFERROR(N(Sessions!Y17),0)) -> 0 | CG14: =IF(M14=0,0,IFERROR(N(Sessions!Y17),0)) -> 0 | CH14: =IF(N14=0,0,IFERROR(N(Sessions!AF17),0)) -> 0 | CI14: =IF(O14=0,0,IFERROR(N(Sessions!AF17),0)) -> 0 | CJ14: =IF(P14=0,0,IFERROR(N(Sessions!AF17),0)) -> 0 | CK14: =IF(Q14=0,0,IFERROR(N(Sessions!AM17),0)) -> 0 | CL14: =IF(R14=0,0,IFERROR(N(Sessions!AM17),0)) -> 0 | CM14: =IF(S14=0,0,IFERROR(N(Sessions!AM17),0)) -> 0 | CN14: =IF(T14=0,0,IFERROR(N(Sessions!AT17),0)) -> 0 | CO14: =IF(U14=0,0,IFERROR(N(Sessions!AT17),0)) -> 0 | CP14: =IF(V14=0,0,IFERROR(N(Sessions!AT17),0)) -> 0 | CQ14: =IF(W14=0,0,IFERROR(N(Sessions!BA17),0)) -> 0 | CR14: =IF(X14=0,0,IFERROR(N(Sessions!BA17),0)) -> 0 | CS14: =IF(Y14=0,0,IFERROR(N(Sessions!BA17),0)) -> 0 | CT14: =IF(Z14=0,0,IFERROR(N(Sessions!BH17),0)) -> 0 | CU14: =IF(AA14=0,0,IFERROR(N(Sessions!BH17),0)) -> 0 | CV14: =IF(AB14=0,0,IFERROR(N(Sessions!BH17),0)) -> 0 | CW14: =IF(AC14=0,0,IFERROR(N(Sessions!BO17),0)) -> 0 | CX14: =IF(AD14=0,0,IFERROR(N(Sessions!BO17),0)) -> 0 | CY14: =IF(AE14=0,0,IFERROR(N(Sessions!BO17),0)) -> 0 | CZ14: =IF(AF14=0,0,IFERROR(N(Sessions!BV17),0)) -> 0 | DA14: =IF(AG14=0,0,IFERROR(N(Sessions!BV17),0)) -> 0 | DB14: =IF(AH14=0,0,IFERROR(N(Sessions!BV17),0)) -> 0 | DC14: =IF(AI14=0,0,IFERROR(N(Sessions!CC17),0)) -> 0 | DD14: =IF(AJ14=0,0,IFERROR(N(Sessions!CC17),0)) -> 0 | DE14: =IF(AK14=0,0,IFERROR(N(Sessions!CC17),0)) -> 0 | DF14: =B14*100000+AL14 -> 1500000 | DG14: =C14*100000+AM14 -> 0 | DH14: =D14*100000+AN14 -> 0 | DI14: =E14*100000+AO14 -> 0 | DJ14: =F14*100000+AP14 -> 0 | DK14: =G14*100000+AQ14 -> 0 | DL14: =H14*100000+AR14 -> 0 | DM14: =I14*100000+AS14 -> 0 | ... EO14: =AK14*100000+BU14 -> 0
A15: =Sessions!B18 -> Seated Row | B15: =IFERROR(N(Sessions!E18),0) -> 45 | C15: =IFERROR(N(Sessions!G18),0) -> 0 | D15: =IFERROR(N(Sessions!I18),0) -> 0 | E15: =IFERROR(N(Sessions!L18),0) -> 0 | F15: =IFERROR(N(Sessions!N18),0) -> 0 | G15: =IFERROR(N(Sessions!P18),0) -> 0 | H15: =IFERROR(N(Sessions!S18),0) -> 0 | I15: =IFERROR(N(Sessions!U18),0) -> 0 | J15: =IFERROR(N(Sessions!W18),0) -> 0 | K15: =IFERROR(N(Sessions!Z18),0) -> 0 | L15: =IFERROR(N(Sessions!AB18),0) -> 0 | M15: =IFERROR(N(Sessions!AD18),0) -> 0 | N15: =IFERROR(N(Sessions!AG18),0) -> 0 | O15: =IFERROR(N(Sessions!AI18),0) -> 0 | P15: =IFERROR(N(Sessions!AK18),0) -> 0 | Q15: =IFERROR(N(Sessions!AN18),0) -> 0 | R15: =IFERROR(N(Sessions!AP18),0) -> 0 | S15: =IFERROR(N(Sessions!AR18),0) -> 0 | T15: =IFERROR(N(Sessions!AU18),0) -> 0 | U15: =IFERROR(N(Sessions!AW18),0) -> 0 | V15: =IFERROR(N(Sessions!AY18),0) -> 0 | W15: =IFERROR(N(Sessions!BB18),0) -> 0 | X15: =IFERROR(N(Sessions!BD18),0) -> 0 | Y15: =IFERROR(N(Sessions!BF18),0) -> 0 | Z15: =IFERROR(N(Sessions!BI18),0) -> 0 | AA15: =IFERROR(N(Sessions!BK18),0) -> 0 | AB15: =IFERROR(N(Sessions!BM18),0) -> 0 | AC15: =IFERROR(N(Sessions!BP18),0) -> 0 | AD15: =IFERROR(N(Sessions!BR18),0) -> 0 | AE15: =IFERROR(N(Sessions!BT18),0) -> 0 | AF15: =IFERROR(N(Sessions!BW18),0) -> 0 | AG15: =IFERROR(N(Sessions!BY18),0) -> 0 | AH15: =IFERROR(N(Sessions!CA18),0) -> 0 | AI15: =IFERROR(N(Sessions!CD18),0) -> 0 | AJ15: =IFERROR(N(Sessions!CF18),0) -> 0 | AK15: =IFERROR(N(Sessions!CH18),0) -> 0 | AL15: =IFERROR(N(Sessions!F18),0) -> 0 | AM15: =IFERROR(N(Sessions!H18),0) -> 0 | AN15: =IFERROR(N(Sessions!J18),0) -> 0 | AO15: =IFERROR(N(Sessions!M18),0) -> 0 | AP15: =IFERROR(N(Sessions!O18),0) -> 0 | AQ15: =IFERROR(N(Sessions!Q18),0) -> 0 | AR15: =IFERROR(N(Sessions!T18),0) -> 0 | AS15: =IFERROR(N(Sessions!V18),0) -> 0 | AT15: =IFERROR(N(Sessions!X18),0) -> 0 | AU15: =IFERROR(N(Sessions!AA18),0) -> 0 | AV15: =IFERROR(N(Sessions!AC18),0) -> 0 | AW15: =IFERROR(N(Sessions!AE18),0) -> 0 | AX15: =IFERROR(N(Sessions!AH18),0) -> 0 | AY15: =IFERROR(N(Sessions!AJ18),0) -> 0 | AZ15: =IFERROR(N(Sessions!AL18),0) -> 0 | BA15: =IFERROR(N(Sessions!AO18),0) -> 0 | BB15: =IFERROR(N(Sessions!AQ18),0) -> 0 | BC15: =IFERROR(N(Sessions!AS18),0) -> 0 | BD15: =IFERROR(N(Sessions!AV18),0) -> 0 | BE15: =IFERROR(N(Sessions!AX18),0) -> 0 | BF15: =IFERROR(N(Sessions!AZ18),0) -> 0 | BG15: =IFERROR(N(Sessions!BC18),0) -> 0 | BH15: =IFERROR(N(Sessions!BE18),0) -> 0 | BI15: =IFERROR(N(Sessions!BG18),0) -> 0 | BJ15: =IFERROR(N(Sessions!BJ18),0) -> 0 | BK15: =IFERROR(N(Sessions!BL18),0) -> 0 | BL15: =IFERROR(N(Sessions!BN18),0) -> 0 | BM15: =IFERROR(N(Sessions!BQ18),0) -> 0 | BN15: =IFERROR(N(Sessions!BS18),0) -> 0 | BO15: =IFERROR(N(Sessions!BU18),0) -> 0 | BP15: =IFERROR(N(Sessions!BX18),0) -> 0 | BQ15: =IFERROR(N(Sessions!BZ18),0) -> 0 | BR15: =IFERROR(N(Sessions!CB18),0) -> 0 | BS15: =IFERROR(N(Sessions!CE18),0) -> 0 | BT15: =IFERROR(N(Sessions!CG18),0) -> 0 | BU15: =IFERROR(N(Sessions!CI18),0) -> 0 | BV15: =IF(B15=0,0,IFERROR(N(Sessions!D18),0)) -> 0 | BW15: =IF(C15=0,0,IFERROR(N(Sessions!D18),0)) -> 0 | BX15: =IF(D15=0,0,IFERROR(N(Sessions!D18),0)) -> 0 | BY15: =IF(E15=0,0,IFERROR(N(Sessions!K18),0)) -> 0 | BZ15: =IF(F15=0,0,IFERROR(N(Sessions!K18),0)) -> 0 | CA15: =IF(G15=0,0,IFERROR(N(Sessions!K18),0)) -> 0 | CB15: =IF(H15=0,0,IFERROR(N(Sessions!R18),0)) -> 0 | CC15: =IF(I15=0,0,IFERROR(N(Sessions!R18),0)) -> 0 | CD15: =IF(J15=0,0,IFERROR(N(Sessions!R18),0)) -> 0 | CE15: =IF(K15=0,0,IFERROR(N(Sessions!Y18),0)) -> 0 | CF15: =IF(L15=0,0,IFERROR(N(Sessions!Y18),0)) -> 0 | CG15: =IF(M15=0,0,IFERROR(N(Sessions!Y18),0)) -> 0 | CH15: =IF(N15=0,0,IFERROR(N(Sessions!AF18),0)) -> 0 | CI15: =IF(O15=0,0,IFERROR(N(Sessions!AF18),0)) -> 0 | CJ15: =IF(P15=0,0,IFERROR(N(Sessions!AF18),0)) -> 0 | CK15: =IF(Q15=0,0,IFERROR(N(Sessions!AM18),0)) -> 0 | CL15: =IF(R15=0,0,IFERROR(N(Sessions!AM18),0)) -> 0 | CM15: =IF(S15=0,0,IFERROR(N(Sessions!AM18),0)) -> 0 | CN15: =IF(T15=0,0,IFERROR(N(Sessions!AT18),0)) -> 0 | CO15: =IF(U15=0,0,IFERROR(N(Sessions!AT18),0)) -> 0 | CP15: =IF(V15=0,0,IFERROR(N(Sessions!AT18),0)) -> 0 | CQ15: =IF(W15=0,0,IFERROR(N(Sessions!BA18),0)) -> 0 | CR15: =IF(X15=0,0,IFERROR(N(Sessions!BA18),0)) -> 0 | CS15: =IF(Y15=0,0,IFERROR(N(Sessions!BA18),0)) -> 0 | CT15: =IF(Z15=0,0,IFERROR(N(Sessions!BH18),0)) -> 0 | CU15: =IF(AA15=0,0,IFERROR(N(Sessions!BH18),0)) -> 0 | CV15: =IF(AB15=0,0,IFERROR(N(Sessions!BH18),0)) -> 0 | CW15: =IF(AC15=0,0,IFERROR(N(Sessions!BO18),0)) -> 0 | CX15: =IF(AD15=0,0,IFERROR(N(Sessions!BO18),0)) -> 0 | CY15: =IF(AE15=0,0,IFERROR(N(Sessions!BO18),0)) -> 0 | CZ15: =IF(AF15=0,0,IFERROR(N(Sessions!BV18),0)) -> 0 | DA15: =IF(AG15=0,0,IFERROR(N(Sessions!BV18),0)) -> 0 | DB15: =IF(AH15=0,0,IFERROR(N(Sessions!BV18),0)) -> 0 | DC15: =IF(AI15=0,0,IFERROR(N(Sessions!CC18),0)) -> 0 | DD15: =IF(AJ15=0,0,IFERROR(N(Sessions!CC18),0)) -> 0 | DE15: =IF(AK15=0,0,IFERROR(N(Sessions!CC18),0)) -> 0 | DF15: =B15*100000+AL15 -> 4500000 | DG15: =C15*100000+AM15 -> 0 | DH15: =D15*100000+AN15 -> 0 | DI15: =E15*100000+AO15 -> 0 | DJ15: =F15*100000+AP15 -> 0 | DK15: =G15*100000+AQ15 -> 0 | DL15: =H15*100000+AR15 -> 0 | DM15: =I15*100000+AS15 -> 0 | ... EO15: =AK15*100000+BU15 -> 0
A16: =Sessions!B19 -> Dumbbell Upright Row | B16: =IFERROR(N(Sessions!E19),0) -> 10 | C16: =IFERROR(N(Sessions!G19),0) -> 0 | D16: =IFERROR(N(Sessions!I19),0) -> 0 | E16: =IFERROR(N(Sessions!L19),0) -> 0 | F16: =IFERROR(N(Sessions!N19),0) -> 0 | G16: =IFERROR(N(Sessions!P19),0) -> 0 | H16: =IFERROR(N(Sessions!S19),0) -> 0 | I16: =IFERROR(N(Sessions!U19),0) -> 0 | J16: =IFERROR(N(Sessions!W19),0) -> 0 | K16: =IFERROR(N(Sessions!Z19),0) -> 0 | L16: =IFERROR(N(Sessions!AB19),0) -> 0 | M16: =IFERROR(N(Sessions!AD19),0) -> 0 | N16: =IFERROR(N(Sessions!AG19),0) -> 0 | O16: =IFERROR(N(Sessions!AI19),0) -> 0 | P16: =IFERROR(N(Sessions!AK19),0) -> 0 | Q16: =IFERROR(N(Sessions!AN19),0) -> 0 | R16: =IFERROR(N(Sessions!AP19),0) -> 0 | S16: =IFERROR(N(Sessions!AR19),0) -> 0 | T16: =IFERROR(N(Sessions!AU19),0) -> 0 | U16: =IFERROR(N(Sessions!AW19),0) -> 0 | V16: =IFERROR(N(Sessions!AY19),0) -> 0 | W16: =IFERROR(N(Sessions!BB19),0) -> 0 | X16: =IFERROR(N(Sessions!BD19),0) -> 0 | Y16: =IFERROR(N(Sessions!BF19),0) -> 0 | Z16: =IFERROR(N(Sessions!BI19),0) -> 0 | AA16: =IFERROR(N(Sessions!BK19),0) -> 0 | AB16: =IFERROR(N(Sessions!BM19),0) -> 0 | AC16: =IFERROR(N(Sessions!BP19),0) -> 0 | AD16: =IFERROR(N(Sessions!BR19),0) -> 0 | AE16: =IFERROR(N(Sessions!BT19),0) -> 0 | AF16: =IFERROR(N(Sessions!BW19),0) -> 0 | AG16: =IFERROR(N(Sessions!BY19),0) -> 0 | AH16: =IFERROR(N(Sessions!CA19),0) -> 0 | AI16: =IFERROR(N(Sessions!CD19),0) -> 0 | AJ16: =IFERROR(N(Sessions!CF19),0) -> 0 | AK16: =IFERROR(N(Sessions!CH19),0) -> 0 | AL16: =IFERROR(N(Sessions!F19),0) -> 0 | AM16: =IFERROR(N(Sessions!H19),0) -> 0 | AN16: =IFERROR(N(Sessions!J19),0) -> 0 | AO16: =IFERROR(N(Sessions!M19),0) -> 0 | AP16: =IFERROR(N(Sessions!O19),0) -> 0 | AQ16: =IFERROR(N(Sessions!Q19),0) -> 0 | AR16: =IFERROR(N(Sessions!T19),0) -> 0 | AS16: =IFERROR(N(Sessions!V19),0) -> 0 | AT16: =IFERROR(N(Sessions!X19),0) -> 0 | AU16: =IFERROR(N(Sessions!AA19),0) -> 0 | AV16: =IFERROR(N(Sessions!AC19),0) -> 0 | AW16: =IFERROR(N(Sessions!AE19),0) -> 0 | AX16: =IFERROR(N(Sessions!AH19),0) -> 0 | AY16: =IFERROR(N(Sessions!AJ19),0) -> 0 | AZ16: =IFERROR(N(Sessions!AL19),0) -> 0 | BA16: =IFERROR(N(Sessions!AO19),0) -> 0 | BB16: =IFERROR(N(Sessions!AQ19),0) -> 0 | BC16: =IFERROR(N(Sessions!AS19),0) -> 0 | BD16: =IFERROR(N(Sessions!AV19),0) -> 0 | BE16: =IFERROR(N(Sessions!AX19),0) -> 0 | BF16: =IFERROR(N(Sessions!AZ19),0) -> 0 | BG16: =IFERROR(N(Sessions!BC19),0) -> 0 | BH16: =IFERROR(N(Sessions!BE19),0) -> 0 | BI16: =IFERROR(N(Sessions!BG19),0) -> 0 | BJ16: =IFERROR(N(Sessions!BJ19),0) -> 0 | BK16: =IFERROR(N(Sessions!BL19),0) -> 0 | BL16: =IFERROR(N(Sessions!BN19),0) -> 0 | BM16: =IFERROR(N(Sessions!BQ19),0) -> 0 | BN16: =IFERROR(N(Sessions!BS19),0) -> 0 | BO16: =IFERROR(N(Sessions!BU19),0) -> 0 | BP16: =IFERROR(N(Sessions!BX19),0) -> 0 | BQ16: =IFERROR(N(Sessions!BZ19),0) -> 0 | BR16: =IFERROR(N(Sessions!CB19),0) -> 0 | BS16: =IFERROR(N(Sessions!CE19),0) -> 0 | BT16: =IFERROR(N(Sessions!CG19),0) -> 0 | BU16: =IFERROR(N(Sessions!CI19),0) -> 0 | BV16: =IF(B16=0,0,IFERROR(N(Sessions!D19),0)) -> 0 | BW16: =IF(C16=0,0,IFERROR(N(Sessions!D19),0)) -> 0 | BX16: =IF(D16=0,0,IFERROR(N(Sessions!D19),0)) -> 0 | BY16: =IF(E16=0,0,IFERROR(N(Sessions!K19),0)) -> 0 | BZ16: =IF(F16=0,0,IFERROR(N(Sessions!K19),0)) -> 0 | CA16: =IF(G16=0,0,IFERROR(N(Sessions!K19),0)) -> 0 | CB16: =IF(H16=0,0,IFERROR(N(Sessions!R19),0)) -> 0 | CC16: =IF(I16=0,0,IFERROR(N(Sessions!R19),0)) -> 0 | CD16: =IF(J16=0,0,IFERROR(N(Sessions!R19),0)) -> 0 | CE16: =IF(K16=0,0,IFERROR(N(Sessions!Y19),0)) -> 0 | CF16: =IF(L16=0,0,IFERROR(N(Sessions!Y19),0)) -> 0 | CG16: =IF(M16=0,0,IFERROR(N(Sessions!Y19),0)) -> 0 | CH16: =IF(N16=0,0,IFERROR(N(Sessions!AF19),0)) -> 0 | CI16: =IF(O16=0,0,IFERROR(N(Sessions!AF19),0)) -> 0 | CJ16: =IF(P16=0,0,IFERROR(N(Sessions!AF19),0)) -> 0 | CK16: =IF(Q16=0,0,IFERROR(N(Sessions!AM19),0)) -> 0 | CL16: =IF(R16=0,0,IFERROR(N(Sessions!AM19),0)) -> 0 | CM16: =IF(S16=0,0,IFERROR(N(Sessions!AM19),0)) -> 0 | CN16: =IF(T16=0,0,IFERROR(N(Sessions!AT19),0)) -> 0 | CO16: =IF(U16=0,0,IFERROR(N(Sessions!AT19),0)) -> 0 | CP16: =IF(V16=0,0,IFERROR(N(Sessions!AT19),0)) -> 0 | CQ16: =IF(W16=0,0,IFERROR(N(Sessions!BA19),0)) -> 0 | CR16: =IF(X16=0,0,IFERROR(N(Sessions!BA19),0)) -> 0 | CS16: =IF(Y16=0,0,IFERROR(N(Sessions!BA19),0)) -> 0 | CT16: =IF(Z16=0,0,IFERROR(N(Sessions!BH19),0)) -> 0 | CU16: =IF(AA16=0,0,IFERROR(N(Sessions!BH19),0)) -> 0 | CV16: =IF(AB16=0,0,IFERROR(N(Sessions!BH19),0)) -> 0 | CW16: =IF(AC16=0,0,IFERROR(N(Sessions!BO19),0)) -> 0 | CX16: =IF(AD16=0,0,IFERROR(N(Sessions!BO19),0)) -> 0 | CY16: =IF(AE16=0,0,IFERROR(N(Sessions!BO19),0)) -> 0 | CZ16: =IF(AF16=0,0,IFERROR(N(Sessions!BV19),0)) -> 0 | DA16: =IF(AG16=0,0,IFERROR(N(Sessions!BV19),0)) -> 0 | DB16: =IF(AH16=0,0,IFERROR(N(Sessions!BV19),0)) -> 0 | DC16: =IF(AI16=0,0,IFERROR(N(Sessions!CC19),0)) -> 0 | DD16: =IF(AJ16=0,0,IFERROR(N(Sessions!CC19),0)) -> 0 | DE16: =IF(AK16=0,0,IFERROR(N(Sessions!CC19),0)) -> 0 | DF16: =B16*100000+AL16 -> 1000000 | DG16: =C16*100000+AM16 -> 0 | DH16: =D16*100000+AN16 -> 0 | DI16: =E16*100000+AO16 -> 0 | DJ16: =F16*100000+AP16 -> 0 | DK16: =G16*100000+AQ16 -> 0 | DL16: =H16*100000+AR16 -> 0 | DM16: =I16*100000+AS16 -> 0 | ... EO16: =AK16*100000+BU16 -> 0
A17: =Sessions!B20 -> Dumbbel Side Raises | B17: =IFERROR(N(Sessions!E20),0) -> 5 | C17: =IFERROR(N(Sessions!G20),0) -> 0 | D17: =IFERROR(N(Sessions!I20),0) -> 0 | E17: =IFERROR(N(Sessions!L20),0) -> 0 | F17: =IFERROR(N(Sessions!N20),0) -> 0 | G17: =IFERROR(N(Sessions!P20),0) -> 0 | H17: =IFERROR(N(Sessions!S20),0) -> 0 | I17: =IFERROR(N(Sessions!U20),0) -> 0 | J17: =IFERROR(N(Sessions!W20),0) -> 0 | K17: =IFERROR(N(Sessions!Z20),0) -> 0 | L17: =IFERROR(N(Sessions!AB20),0) -> 0 | M17: =IFERROR(N(Sessions!AD20),0) -> 0 | N17: =IFERROR(N(Sessions!AG20),0) -> 0 | O17: =IFERROR(N(Sessions!AI20),0) -> 0 | P17: =IFERROR(N(Sessions!AK20),0) -> 0 | Q17: =IFERROR(N(Sessions!AN20),0) -> 0 | R17: =IFERROR(N(Sessions!AP20),0) -> 0 | S17: =IFERROR(N(Sessions!AR20),0) -> 0 | T17: =IFERROR(N(Sessions!AU20),0) -> 0 | U17: =IFERROR(N(Sessions!AW20),0) -> 0 | V17: =IFERROR(N(Sessions!AY20),0) -> 0 | W17: =IFERROR(N(Sessions!BB20),0) -> 0 | X17: =IFERROR(N(Sessions!BD20),0) -> 0 | Y17: =IFERROR(N(Sessions!BF20),0) -> 0 | Z17: =IFERROR(N(Sessions!BI20),0) -> 0 | AA17: =IFERROR(N(Sessions!BK20),0) -> 0 | AB17: =IFERROR(N(Sessions!BM20),0) -> 0 | AC17: =IFERROR(N(Sessions!BP20),0) -> 0 | AD17: =IFERROR(N(Sessions!BR20),0) -> 0 | AE17: =IFERROR(N(Sessions!BT20),0) -> 0 | AF17: =IFERROR(N(Sessions!BW20),0) -> 0 | AG17: =IFERROR(N(Sessions!BY20),0) -> 0 | AH17: =IFERROR(N(Sessions!CA20),0) -> 0 | AI17: =IFERROR(N(Sessions!CD20),0) -> 0 | AJ17: =IFERROR(N(Sessions!CF20),0) -> 0 | AK17: =IFERROR(N(Sessions!CH20),0) -> 0 | AL17: =IFERROR(N(Sessions!F20),0) -> 0 | AM17: =IFERROR(N(Sessions!H20),0) -> 0 | AN17: =IFERROR(N(Sessions!J20),0) -> 0 | AO17: =IFERROR(N(Sessions!M20),0) -> 0 | AP17: =IFERROR(N(Sessions!O20),0) -> 0 | AQ17: =IFERROR(N(Sessions!Q20),0) -> 0 | AR17: =IFERROR(N(Sessions!T20),0) -> 0 | AS17: =IFERROR(N(Sessions!V20),0) -> 0 | AT17: =IFERROR(N(Sessions!X20),0) -> 0 | AU17: =IFERROR(N(Sessions!AA20),0) -> 0 | AV17: =IFERROR(N(Sessions!AC20),0) -> 0 | AW17: =IFERROR(N(Sessions!AE20),0) -> 0 | AX17: =IFERROR(N(Sessions!AH20),0) -> 0 | AY17: =IFERROR(N(Sessions!AJ20),0) -> 0 | AZ17: =IFERROR(N(Sessions!AL20),0) -> 0 | BA17: =IFERROR(N(Sessions!AO20),0) -> 0 | BB17: =IFERROR(N(Sessions!AQ20),0) -> 0 | BC17: =IFERROR(N(Sessions!AS20),0) -> 0 | BD17: =IFERROR(N(Sessions!AV20),0) -> 0 | BE17: =IFERROR(N(Sessions!AX20),0) -> 0 | BF17: =IFERROR(N(Sessions!AZ20),0) -> 0 | BG17: =IFERROR(N(Sessions!BC20),0) -> 0 | BH17: =IFERROR(N(Sessions!BE20),0) -> 0 | BI17: =IFERROR(N(Sessions!BG20),0) -> 0 | BJ17: =IFERROR(N(Sessions!BJ20),0) -> 0 | BK17: =IFERROR(N(Sessions!BL20),0) -> 0 | BL17: =IFERROR(N(Sessions!BN20),0) -> 0 | BM17: =IFERROR(N(Sessions!BQ20),0) -> 0 | BN17: =IFERROR(N(Sessions!BS20),0) -> 0 | BO17: =IFERROR(N(Sessions!BU20),0) -> 0 | BP17: =IFERROR(N(Sessions!BX20),0) -> 0 | BQ17: =IFERROR(N(Sessions!BZ20),0) -> 0 | BR17: =IFERROR(N(Sessions!CB20),0) -> 0 | BS17: =IFERROR(N(Sessions!CE20),0) -> 0 | BT17: =IFERROR(N(Sessions!CG20),0) -> 0 | BU17: =IFERROR(N(Sessions!CI20),0) -> 0 | BV17: =IF(B17=0,0,IFERROR(N(Sessions!D20),0)) -> 0 | BW17: =IF(C17=0,0,IFERROR(N(Sessions!D20),0)) -> 0 | BX17: =IF(D17=0,0,IFERROR(N(Sessions!D20),0)) -> 0 | BY17: =IF(E17=0,0,IFERROR(N(Sessions!K20),0)) -> 0 | BZ17: =IF(F17=0,0,IFERROR(N(Sessions!K20),0)) -> 0 | CA17: =IF(G17=0,0,IFERROR(N(Sessions!K20),0)) -> 0 | CB17: =IF(H17=0,0,IFERROR(N(Sessions!R20),0)) -> 0 | CC17: =IF(I17=0,0,IFERROR(N(Sessions!R20),0)) -> 0 | CD17: =IF(J17=0,0,IFERROR(N(Sessions!R20),0)) -> 0 | CE17: =IF(K17=0,0,IFERROR(N(Sessions!Y20),0)) -> 0 | CF17: =IF(L17=0,0,IFERROR(N(Sessions!Y20),0)) -> 0 | CG17: =IF(M17=0,0,IFERROR(N(Sessions!Y20),0)) -> 0 | CH17: =IF(N17=0,0,IFERROR(N(Sessions!AF20),0)) -> 0 | CI17: =IF(O17=0,0,IFERROR(N(Sessions!AF20),0)) -> 0 | CJ17: =IF(P17=0,0,IFERROR(N(Sessions!AF20),0)) -> 0 | CK17: =IF(Q17=0,0,IFERROR(N(Sessions!AM20),0)) -> 0 | CL17: =IF(R17=0,0,IFERROR(N(Sessions!AM20),0)) -> 0 | CM17: =IF(S17=0,0,IFERROR(N(Sessions!AM20),0)) -> 0 | CN17: =IF(T17=0,0,IFERROR(N(Sessions!AT20),0)) -> 0 | CO17: =IF(U17=0,0,IFERROR(N(Sessions!AT20),0)) -> 0 | CP17: =IF(V17=0,0,IFERROR(N(Sessions!AT20),0)) -> 0 | CQ17: =IF(W17=0,0,IFERROR(N(Sessions!BA20),0)) -> 0 | CR17: =IF(X17=0,0,IFERROR(N(Sessions!BA20),0)) -> 0 | CS17: =IF(Y17=0,0,IFERROR(N(Sessions!BA20),0)) -> 0 | CT17: =IF(Z17=0,0,IFERROR(N(Sessions!BH20),0)) -> 0 | CU17: =IF(AA17=0,0,IFERROR(N(Sessions!BH20),0)) -> 0 | CV17: =IF(AB17=0,0,IFERROR(N(Sessions!BH20),0)) -> 0 | CW17: =IF(AC17=0,0,IFERROR(N(Sessions!BO20),0)) -> 0 | CX17: =IF(AD17=0,0,IFERROR(N(Sessions!BO20),0)) -> 0 | CY17: =IF(AE17=0,0,IFERROR(N(Sessions!BO20),0)) -> 0 | CZ17: =IF(AF17=0,0,IFERROR(N(Sessions!BV20),0)) -> 0 | DA17: =IF(AG17=0,0,IFERROR(N(Sessions!BV20),0)) -> 0 | DB17: =IF(AH17=0,0,IFERROR(N(Sessions!BV20),0)) -> 0 | DC17: =IF(AI17=0,0,IFERROR(N(Sessions!CC20),0)) -> 0 | DD17: =IF(AJ17=0,0,IFERROR(N(Sessions!CC20),0)) -> 0 | DE17: =IF(AK17=0,0,IFERROR(N(Sessions!CC20),0)) -> 0 | DF17: =B17*100000+AL17 -> 500000 | DG17: =C17*100000+AM17 -> 0 | DH17: =D17*100000+AN17 -> 0 | DI17: =E17*100000+AO17 -> 0 | DJ17: =F17*100000+AP17 -> 0 | DK17: =G17*100000+AQ17 -> 0 | DL17: =H17*100000+AR17 -> 0 | DM17: =I17*100000+AS17 -> 0 | ... EO17: =AK17*100000+BU17 -> 0
A18: =Sessions!B21 -> Rope Tricep Extensions | B18: =IFERROR(N(Sessions!E21),0) -> 20 | C18: =IFERROR(N(Sessions!G21),0) -> 0 | D18: =IFERROR(N(Sessions!I21),0) -> 0 | E18: =IFERROR(N(Sessions!L21),0) -> 0 | F18: =IFERROR(N(Sessions!N21),0) -> 0 | G18: =IFERROR(N(Sessions!P21),0) -> 0 | H18: =IFERROR(N(Sessions!S21),0) -> 0 | I18: =IFERROR(N(Sessions!U21),0) -> 0 | J18: =IFERROR(N(Sessions!W21),0) -> 0 | K18: =IFERROR(N(Sessions!Z21),0) -> 0 | L18: =IFERROR(N(Sessions!AB21),0) -> 0 | M18: =IFERROR(N(Sessions!AD21),0) -> 0 | N18: =IFERROR(N(Sessions!AG21),0) -> 0 | O18: =IFERROR(N(Sessions!AI21),0) -> 0 | P18: =IFERROR(N(Sessions!AK21),0) -> 0 | Q18: =IFERROR(N(Sessions!AN21),0) -> 0 | R18: =IFERROR(N(Sessions!AP21),0) -> 0 | S18: =IFERROR(N(Sessions!AR21),0) -> 0 | T18: =IFERROR(N(Sessions!AU21),0) -> 0 | U18: =IFERROR(N(Sessions!AW21),0) -> 0 | V18: =IFERROR(N(Sessions!AY21),0) -> 0 | W18: =IFERROR(N(Sessions!BB21),0) -> 0 | X18: =IFERROR(N(Sessions!BD21),0) -> 0 | Y18: =IFERROR(N(Sessions!BF21),0) -> 0 | Z18: =IFERROR(N(Sessions!BI21),0) -> 0 | AA18: =IFERROR(N(Sessions!BK21),0) -> 0 | AB18: =IFERROR(N(Sessions!BM21),0) -> 0 | AC18: =IFERROR(N(Sessions!BP21),0) -> 0 | AD18: =IFERROR(N(Sessions!BR21),0) -> 0 | AE18: =IFERROR(N(Sessions!BT21),0) -> 0 | AF18: =IFERROR(N(Sessions!BW21),0) -> 0 | AG18: =IFERROR(N(Sessions!BY21),0) -> 0 | AH18: =IFERROR(N(Sessions!CA21),0) -> 0 | AI18: =IFERROR(N(Sessions!CD21),0) -> 0 | AJ18: =IFERROR(N(Sessions!CF21),0) -> 0 | AK18: =IFERROR(N(Sessions!CH21),0) -> 0 | AL18: =IFERROR(N(Sessions!F21),0) -> 0 | AM18: =IFERROR(N(Sessions!H21),0) -> 0 | AN18: =IFERROR(N(Sessions!J21),0) -> 0 | AO18: =IFERROR(N(Sessions!M21),0) -> 0 | AP18: =IFERROR(N(Sessions!O21),0) -> 0 | AQ18: =IFERROR(N(Sessions!Q21),0) -> 0 | AR18: =IFERROR(N(Sessions!T21),0) -> 0 | AS18: =IFERROR(N(Sessions!V21),0) -> 0 | AT18: =IFERROR(N(Sessions!X21),0) -> 0 | AU18: =IFERROR(N(Sessions!AA21),0) -> 0 | AV18: =IFERROR(N(Sessions!AC21),0) -> 0 | AW18: =IFERROR(N(Sessions!AE21),0) -> 0 | AX18: =IFERROR(N(Sessions!AH21),0) -> 0 | AY18: =IFERROR(N(Sessions!AJ21),0) -> 0 | AZ18: =IFERROR(N(Sessions!AL21),0) -> 0 | BA18: =IFERROR(N(Sessions!AO21),0) -> 0 | BB18: =IFERROR(N(Sessions!AQ21),0) -> 0 | BC18: =IFERROR(N(Sessions!AS21),0) -> 0 | BD18: =IFERROR(N(Sessions!AV21),0) -> 0 | BE18: =IFERROR(N(Sessions!AX21),0) -> 0 | BF18: =IFERROR(N(Sessions!AZ21),0) -> 0 | BG18: =IFERROR(N(Sessions!BC21),0) -> 0 | BH18: =IFERROR(N(Sessions!BE21),0) -> 0 | BI18: =IFERROR(N(Sessions!BG21),0) -> 0 | BJ18: =IFERROR(N(Sessions!BJ21),0) -> 0 | BK18: =IFERROR(N(Sessions!BL21),0) -> 0 | BL18: =IFERROR(N(Sessions!BN21),0) -> 0 | BM18: =IFERROR(N(Sessions!BQ21),0) -> 0 | BN18: =IFERROR(N(Sessions!BS21),0) -> 0 | BO18: =IFERROR(N(Sessions!BU21),0) -> 0 | BP18: =IFERROR(N(Sessions!BX21),0) -> 0 | BQ18: =IFERROR(N(Sessions!BZ21),0) -> 0 | BR18: =IFERROR(N(Sessions!CB21),0) -> 0 | BS18: =IFERROR(N(Sessions!CE21),0) -> 0 | BT18: =IFERROR(N(Sessions!CG21),0) -> 0 | BU18: =IFERROR(N(Sessions!CI21),0) -> 0 | BV18: =IF(B18=0,0,IFERROR(N(Sessions!D21),0)) -> 0 | BW18: =IF(C18=0,0,IFERROR(N(Sessions!D21),0)) -> 0 | BX18: =IF(D18=0,0,IFERROR(N(Sessions!D21),0)) -> 0 | BY18: =IF(E18=0,0,IFERROR(N(Sessions!K21),0)) -> 0 | BZ18: =IF(F18=0,0,IFERROR(N(Sessions!K21),0)) -> 0 | CA18: =IF(G18=0,0,IFERROR(N(Sessions!K21),0)) -> 0 | CB18: =IF(H18=0,0,IFERROR(N(Sessions!R21),0)) -> 0 | CC18: =IF(I18=0,0,IFERROR(N(Sessions!R21),0)) -> 0 | CD18: =IF(J18=0,0,IFERROR(N(Sessions!R21),0)) -> 0 | CE18: =IF(K18=0,0,IFERROR(N(Sessions!Y21),0)) -> 0 | CF18: =IF(L18=0,0,IFERROR(N(Sessions!Y21),0)) -> 0 | CG18: =IF(M18=0,0,IFERROR(N(Sessions!Y21),0)) -> 0 | CH18: =IF(N18=0,0,IFERROR(N(Sessions!AF21),0)) -> 0 | CI18: =IF(O18=0,0,IFERROR(N(Sessions!AF21),0)) -> 0 | CJ18: =IF(P18=0,0,IFERROR(N(Sessions!AF21),0)) -> 0 | CK18: =IF(Q18=0,0,IFERROR(N(Sessions!AM21),0)) -> 0 | CL18: =IF(R18=0,0,IFERROR(N(Sessions!AM21),0)) -> 0 | CM18: =IF(S18=0,0,IFERROR(N(Sessions!AM21),0)) -> 0 | CN18: =IF(T18=0,0,IFERROR(N(Sessions!AT21),0)) -> 0 | CO18: =IF(U18=0,0,IFERROR(N(Sessions!AT21),0)) -> 0 | CP18: =IF(V18=0,0,IFERROR(N(Sessions!AT21),0)) -> 0 | CQ18: =IF(W18=0,0,IFERROR(N(Sessions!BA21),0)) -> 0 | CR18: =IF(X18=0,0,IFERROR(N(Sessions!BA21),0)) -> 0 | CS18: =IF(Y18=0,0,IFERROR(N(Sessions!BA21),0)) -> 0 | CT18: =IF(Z18=0,0,IFERROR(N(Sessions!BH21),0)) -> 0 | CU18: =IF(AA18=0,0,IFERROR(N(Sessions!BH21),0)) -> 0 | CV18: =IF(AB18=0,0,IFERROR(N(Sessions!BH21),0)) -> 0 | CW18: =IF(AC18=0,0,IFERROR(N(Sessions!BO21),0)) -> 0 | CX18: =IF(AD18=0,0,IFERROR(N(Sessions!BO21),0)) -> 0 | CY18: =IF(AE18=0,0,IFERROR(N(Sessions!BO21),0)) -> 0 | CZ18: =IF(AF18=0,0,IFERROR(N(Sessions!BV21),0)) -> 0 | DA18: =IF(AG18=0,0,IFERROR(N(Sessions!BV21),0)) -> 0 | DB18: =IF(AH18=0,0,IFERROR(N(Sessions!BV21),0)) -> 0 | DC18: =IF(AI18=0,0,IFERROR(N(Sessions!CC21),0)) -> 0 | DD18: =IF(AJ18=0,0,IFERROR(N(Sessions!CC21),0)) -> 0 | DE18: =IF(AK18=0,0,IFERROR(N(Sessions!CC21),0)) -> 0 | DF18: =B18*100000+AL18 -> 2000000 | DG18: =C18*100000+AM18 -> 0 | DH18: =D18*100000+AN18 -> 0 | DI18: =E18*100000+AO18 -> 0 | DJ18: =F18*100000+AP18 -> 0 | DK18: =G18*100000+AQ18 -> 0 | DL18: =H18*100000+AR18 -> 0 | DM18: =I18*100000+AS18 -> 0 | ... EO18: =AK18*100000+BU18 -> 0
A19: =Sessions!B22 -> Incline Dumbbell Bicep Curl | B19: =IFERROR(N(Sessions!E22),0) -> 8 | C19: =IFERROR(N(Sessions!G22),0) -> 0 | D19: =IFERROR(N(Sessions!I22),0) -> 0 | E19: =IFERROR(N(Sessions!L22),0) -> 0 | F19: =IFERROR(N(Sessions!N22),0) -> 0 | G19: =IFERROR(N(Sessions!P22),0) -> 0 | H19: =IFERROR(N(Sessions!S22),0) -> 0 | I19: =IFERROR(N(Sessions!U22),0) -> 0 | J19: =IFERROR(N(Sessions!W22),0) -> 0 | K19: =IFERROR(N(Sessions!Z22),0) -> 0 | L19: =IFERROR(N(Sessions!AB22),0) -> 0 | M19: =IFERROR(N(Sessions!AD22),0) -> 0 | N19: =IFERROR(N(Sessions!AG22),0) -> 0 | O19: =IFERROR(N(Sessions!AI22),0) -> 0 | P19: =IFERROR(N(Sessions!AK22),0) -> 0 | Q19: =IFERROR(N(Sessions!AN22),0) -> 0 | R19: =IFERROR(N(Sessions!AP22),0) -> 0 | S19: =IFERROR(N(Sessions!AR22),0) -> 0 | T19: =IFERROR(N(Sessions!AU22),0) -> 0 | U19: =IFERROR(N(Sessions!AW22),0) -> 0 | V19: =IFERROR(N(Sessions!AY22),0) -> 0 | W19: =IFERROR(N(Sessions!BB22),0) -> 0 | X19: =IFERROR(N(Sessions!BD22),0) -> 0 | Y19: =IFERROR(N(Sessions!BF22),0) -> 0 | Z19: =IFERROR(N(Sessions!BI22),0) -> 0 | AA19: =IFERROR(N(Sessions!BK22),0) -> 0 | AB19: =IFERROR(N(Sessions!BM22),0) -> 0 | AC19: =IFERROR(N(Sessions!BP22),0) -> 0 | AD19: =IFERROR(N(Sessions!BR22),0) -> 0 | AE19: =IFERROR(N(Sessions!BT22),0) -> 0 | AF19: =IFERROR(N(Sessions!BW22),0) -> 0 | AG19: =IFERROR(N(Sessions!BY22),0) -> 0 | AH19: =IFERROR(N(Sessions!CA22),0) -> 0 | AI19: =IFERROR(N(Sessions!CD22),0) -> 0 | AJ19: =IFERROR(N(Sessions!CF22),0) -> 0 | AK19: =IFERROR(N(Sessions!CH22),0) -> 0 | AL19: =IFERROR(N(Sessions!F22),0) -> 0 | AM19: =IFERROR(N(Sessions!H22),0) -> 0 | AN19: =IFERROR(N(Sessions!J22),0) -> 0 | AO19: =IFERROR(N(Sessions!M22),0) -> 0 | AP19: =IFERROR(N(Sessions!O22),0) -> 0 | AQ19: =IFERROR(N(Sessions!Q22),0) -> 0 | AR19: =IFERROR(N(Sessions!T22),0) -> 0 | AS19: =IFERROR(N(Sessions!V22),0) -> 0 | AT19: =IFERROR(N(Sessions!X22),0) -> 0 | AU19: =IFERROR(N(Sessions!AA22),0) -> 0 | AV19: =IFERROR(N(Sessions!AC22),0) -> 0 | AW19: =IFERROR(N(Sessions!AE22),0) -> 0 | AX19: =IFERROR(N(Sessions!AH22),0) -> 0 | AY19: =IFERROR(N(Sessions!AJ22),0) -> 0 | AZ19: =IFERROR(N(Sessions!AL22),0) -> 0 | BA19: =IFERROR(N(Sessions!AO22),0) -> 0 | BB19: =IFERROR(N(Sessions!AQ22),0) -> 0 | BC19: =IFERROR(N(Sessions!AS22),0) -> 0 | BD19: =IFERROR(N(Sessions!AV22),0) -> 0 | BE19: =IFERROR(N(Sessions!AX22),0) -> 0 | BF19: =IFERROR(N(Sessions!AZ22),0) -> 0 | BG19: =IFERROR(N(Sessions!BC22),0) -> 0 | BH19: =IFERROR(N(Sessions!BE22),0) -> 0 | BI19: =IFERROR(N(Sessions!BG22),0) -> 0 | BJ19: =IFERROR(N(Sessions!BJ22),0) -> 0 | BK19: =IFERROR(N(Sessions!BL22),0) -> 0 | BL19: =IFERROR(N(Sessions!BN22),0) -> 0 | BM19: =IFERROR(N(Sessions!BQ22),0) -> 0 | BN19: =IFERROR(N(Sessions!BS22),0) -> 0 | BO19: =IFERROR(N(Sessions!BU22),0) -> 0 | BP19: =IFERROR(N(Sessions!BX22),0) -> 0 | BQ19: =IFERROR(N(Sessions!BZ22),0) -> 0 | BR19: =IFERROR(N(Sessions!CB22),0) -> 0 | BS19: =IFERROR(N(Sessions!CE22),0) -> 0 | BT19: =IFERROR(N(Sessions!CG22),0) -> 0 | BU19: =IFERROR(N(Sessions!CI22),0) -> 0 | BV19: =IF(B19=0,0,IFERROR(N(Sessions!D22),0)) -> 0 | BW19: =IF(C19=0,0,IFERROR(N(Sessions!D22),0)) -> 0 | BX19: =IF(D19=0,0,IFERROR(N(Sessions!D22),0)) -> 0 | BY19: =IF(E19=0,0,IFERROR(N(Sessions!K22),0)) -> 0 | BZ19: =IF(F19=0,0,IFERROR(N(Sessions!K22),0)) -> 0 | CA19: =IF(G19=0,0,IFERROR(N(Sessions!K22),0)) -> 0 | CB19: =IF(H19=0,0,IFERROR(N(Sessions!R22),0)) -> 0 | CC19: =IF(I19=0,0,IFERROR(N(Sessions!R22),0)) -> 0 | CD19: =IF(J19=0,0,IFERROR(N(Sessions!R22),0)) -> 0 | CE19: =IF(K19=0,0,IFERROR(N(Sessions!Y22),0)) -> 0 | CF19: =IF(L19=0,0,IFERROR(N(Sessions!Y22),0)) -> 0 | CG19: =IF(M19=0,0,IFERROR(N(Sessions!Y22),0)) -> 0 | CH19: =IF(N19=0,0,IFERROR(N(Sessions!AF22),0)) -> 0 | CI19: =IF(O19=0,0,IFERROR(N(Sessions!AF22),0)) -> 0 | CJ19: =IF(P19=0,0,IFERROR(N(Sessions!AF22),0)) -> 0 | CK19: =IF(Q19=0,0,IFERROR(N(Sessions!AM22),0)) -> 0 | CL19: =IF(R19=0,0,IFERROR(N(Sessions!AM22),0)) -> 0 | CM19: =IF(S19=0,0,IFERROR(N(Sessions!AM22),0)) -> 0 | CN19: =IF(T19=0,0,IFERROR(N(Sessions!AT22),0)) -> 0 | CO19: =IF(U19=0,0,IFERROR(N(Sessions!AT22),0)) -> 0 | CP19: =IF(V19=0,0,IFERROR(N(Sessions!AT22),0)) -> 0 | CQ19: =IF(W19=0,0,IFERROR(N(Sessions!BA22),0)) -> 0 | CR19: =IF(X19=0,0,IFERROR(N(Sessions!BA22),0)) -> 0 | CS19: =IF(Y19=0,0,IFERROR(N(Sessions!BA22),0)) -> 0 | CT19: =IF(Z19=0,0,IFERROR(N(Sessions!BH22),0)) -> 0 | CU19: =IF(AA19=0,0,IFERROR(N(Sessions!BH22),0)) -> 0 | CV19: =IF(AB19=0,0,IFERROR(N(Sessions!BH22),0)) -> 0 | CW19: =IF(AC19=0,0,IFERROR(N(Sessions!BO22),0)) -> 0 | CX19: =IF(AD19=0,0,IFERROR(N(Sessions!BO22),0)) -> 0 | CY19: =IF(AE19=0,0,IFERROR(N(Sessions!BO22),0)) -> 0 | CZ19: =IF(AF19=0,0,IFERROR(N(Sessions!BV22),0)) -> 0 | DA19: =IF(AG19=0,0,IFERROR(N(Sessions!BV22),0)) -> 0 | DB19: =IF(AH19=0,0,IFERROR(N(Sessions!BV22),0)) -> 0 | DC19: =IF(AI19=0,0,IFERROR(N(Sessions!CC22),0)) -> 0 | DD19: =IF(AJ19=0,0,IFERROR(N(Sessions!CC22),0)) -> 0 | DE19: =IF(AK19=0,0,IFERROR(N(Sessions!CC22),0)) -> 0 | DF19: =B19*100000+AL19 -> 800000 | DG19: =C19*100000+AM19 -> 0 | DH19: =D19*100000+AN19 -> 0 | DI19: =E19*100000+AO19 -> 0 | DJ19: =F19*100000+AP19 -> 0 | DK19: =G19*100000+AQ19 -> 0 | DL19: =H19*100000+AR19 -> 0 | DM19: =I19*100000+AS19 -> 0 | ... EO19: =AK19*100000+BU19 -> 0
A20: =Sessions!B24 -> Wide Grip Lat Pulldown | B20: =IFERROR(N(Sessions!E24),0) -> 50 | C20: =IFERROR(N(Sessions!G24),0) -> 0 | D20: =IFERROR(N(Sessions!I24),0) -> 0 | E20: =IFERROR(N(Sessions!L24),0) -> 0 | F20: =IFERROR(N(Sessions!N24),0) -> 0 | G20: =IFERROR(N(Sessions!P24),0) -> 0 | H20: =IFERROR(N(Sessions!S24),0) -> 0 | I20: =IFERROR(N(Sessions!U24),0) -> 0 | J20: =IFERROR(N(Sessions!W24),0) -> 0 | K20: =IFERROR(N(Sessions!Z24),0) -> 0 | L20: =IFERROR(N(Sessions!AB24),0) -> 0 | M20: =IFERROR(N(Sessions!AD24),0) -> 0 | N20: =IFERROR(N(Sessions!AG24),0) -> 0 | O20: =IFERROR(N(Sessions!AI24),0) -> 0 | P20: =IFERROR(N(Sessions!AK24),0) -> 0 | Q20: =IFERROR(N(Sessions!AN24),0) -> 0 | R20: =IFERROR(N(Sessions!AP24),0) -> 0 | S20: =IFERROR(N(Sessions!AR24),0) -> 0 | T20: =IFERROR(N(Sessions!AU24),0) -> 0 | U20: =IFERROR(N(Sessions!AW24),0) -> 0 | V20: =IFERROR(N(Sessions!AY24),0) -> 0 | W20: =IFERROR(N(Sessions!BB24),0) -> 0 | X20: =IFERROR(N(Sessions!BD24),0) -> 0 | Y20: =IFERROR(N(Sessions!BF24),0) -> 0 | Z20: =IFERROR(N(Sessions!BI24),0) -> 0 | AA20: =IFERROR(N(Sessions!BK24),0) -> 0 | AB20: =IFERROR(N(Sessions!BM24),0) -> 0 | AC20: =IFERROR(N(Sessions!BP24),0) -> 0 | AD20: =IFERROR(N(Sessions!BR24),0) -> 0 | AE20: =IFERROR(N(Sessions!BT24),0) -> 0 | AF20: =IFERROR(N(Sessions!BW24),0) -> 0 | AG20: =IFERROR(N(Sessions!BY24),0) -> 0 | AH20: =IFERROR(N(Sessions!CA24),0) -> 0 | AI20: =IFERROR(N(Sessions!CD24),0) -> 0 | AJ20: =IFERROR(N(Sessions!CF24),0) -> 0 | AK20: =IFERROR(N(Sessions!CH24),0) -> 0 | AL20: =IFERROR(N(Sessions!F24),0) -> 0 | AM20: =IFERROR(N(Sessions!H24),0) -> 0 | AN20: =IFERROR(N(Sessions!J24),0) -> 0 | AO20: =IFERROR(N(Sessions!M24),0) -> 0 | AP20: =IFERROR(N(Sessions!O24),0) -> 0 | AQ20: =IFERROR(N(Sessions!Q24),0) -> 0 | AR20: =IFERROR(N(Sessions!T24),0) -> 0 | AS20: =IFERROR(N(Sessions!V24),0) -> 0 | AT20: =IFERROR(N(Sessions!X24),0) -> 0 | AU20: =IFERROR(N(Sessions!AA24),0) -> 0 | AV20: =IFERROR(N(Sessions!AC24),0) -> 0 | AW20: =IFERROR(N(Sessions!AE24),0) -> 0 | AX20: =IFERROR(N(Sessions!AH24),0) -> 0 | AY20: =IFERROR(N(Sessions!AJ24),0) -> 0 | AZ20: =IFERROR(N(Sessions!AL24),0) -> 0 | BA20: =IFERROR(N(Sessions!AO24),0) -> 0 | BB20: =IFERROR(N(Sessions!AQ24),0) -> 0 | BC20: =IFERROR(N(Sessions!AS24),0) -> 0 | BD20: =IFERROR(N(Sessions!AV24),0) -> 0 | BE20: =IFERROR(N(Sessions!AX24),0) -> 0 | BF20: =IFERROR(N(Sessions!AZ24),0) -> 0 | BG20: =IFERROR(N(Sessions!BC24),0) -> 0 | BH20: =IFERROR(N(Sessions!BE24),0) -> 0 | BI20: =IFERROR(N(Sessions!BG24),0) -> 0 | BJ20: =IFERROR(N(Sessions!BJ24),0) -> 0 | BK20: =IFERROR(N(Sessions!BL24),0) -> 0 | BL20: =IFERROR(N(Sessions!BN24),0) -> 0 | BM20: =IFERROR(N(Sessions!BQ24),0) -> 0 | BN20: =IFERROR(N(Sessions!BS24),0) -> 0 | BO20: =IFERROR(N(Sessions!BU24),0) -> 0 | BP20: =IFERROR(N(Sessions!BX24),0) -> 0 | BQ20: =IFERROR(N(Sessions!BZ24),0) -> 0 | BR20: =IFERROR(N(Sessions!CB24),0) -> 0 | BS20: =IFERROR(N(Sessions!CE24),0) -> 0 | BT20: =IFERROR(N(Sessions!CG24),0) -> 0 | BU20: =IFERROR(N(Sessions!CI24),0) -> 0 | BV20: =IF(B20=0,0,IFERROR(N(Sessions!D24),0)) -> 0 | BW20: =IF(C20=0,0,IFERROR(N(Sessions!D24),0)) -> 0 | BX20: =IF(D20=0,0,IFERROR(N(Sessions!D24),0)) -> 0 | BY20: =IF(E20=0,0,IFERROR(N(Sessions!K24),0)) -> 0 | BZ20: =IF(F20=0,0,IFERROR(N(Sessions!K24),0)) -> 0 | CA20: =IF(G20=0,0,IFERROR(N(Sessions!K24),0)) -> 0 | CB20: =IF(H20=0,0,IFERROR(N(Sessions!R24),0)) -> 0 | CC20: =IF(I20=0,0,IFERROR(N(Sessions!R24),0)) -> 0 | CD20: =IF(J20=0,0,IFERROR(N(Sessions!R24),0)) -> 0 | CE20: =IF(K20=0,0,IFERROR(N(Sessions!Y24),0)) -> 0 | CF20: =IF(L20=0,0,IFERROR(N(Sessions!Y24),0)) -> 0 | CG20: =IF(M20=0,0,IFERROR(N(Sessions!Y24),0)) -> 0 | CH20: =IF(N20=0,0,IFERROR(N(Sessions!AF24),0)) -> 0 | CI20: =IF(O20=0,0,IFERROR(N(Sessions!AF24),0)) -> 0 | CJ20: =IF(P20=0,0,IFERROR(N(Sessions!AF24),0)) -> 0 | CK20: =IF(Q20=0,0,IFERROR(N(Sessions!AM24),0)) -> 0 | CL20: =IF(R20=0,0,IFERROR(N(Sessions!AM24),0)) -> 0 | CM20: =IF(S20=0,0,IFERROR(N(Sessions!AM24),0)) -> 0 | CN20: =IF(T20=0,0,IFERROR(N(Sessions!AT24),0)) -> 0 | CO20: =IF(U20=0,0,IFERROR(N(Sessions!AT24),0)) -> 0 | CP20: =IF(V20=0,0,IFERROR(N(Sessions!AT24),0)) -> 0 | CQ20: =IF(W20=0,0,IFERROR(N(Sessions!BA24),0)) -> 0 | CR20: =IF(X20=0,0,IFERROR(N(Sessions!BA24),0)) -> 0 | CS20: =IF(Y20=0,0,IFERROR(N(Sessions!BA24),0)) -> 0 | CT20: =IF(Z20=0,0,IFERROR(N(Sessions!BH24),0)) -> 0 | CU20: =IF(AA20=0,0,IFERROR(N(Sessions!BH24),0)) -> 0 | CV20: =IF(AB20=0,0,IFERROR(N(Sessions!BH24),0)) -> 0 | CW20: =IF(AC20=0,0,IFERROR(N(Sessions!BO24),0)) -> 0 | CX20: =IF(AD20=0,0,IFERROR(N(Sessions!BO24),0)) -> 0 | CY20: =IF(AE20=0,0,IFERROR(N(Sessions!BO24),0)) -> 0 | CZ20: =IF(AF20=0,0,IFERROR(N(Sessions!BV24),0)) -> 0 | DA20: =IF(AG20=0,0,IFERROR(N(Sessions!BV24),0)) -> 0 | DB20: =IF(AH20=0,0,IFERROR(N(Sessions!BV24),0)) -> 0 | DC20: =IF(AI20=0,0,IFERROR(N(Sessions!CC24),0)) -> 0 | DD20: =IF(AJ20=0,0,IFERROR(N(Sessions!CC24),0)) -> 0 | DE20: =IF(AK20=0,0,IFERROR(N(Sessions!CC24),0)) -> 0 | DF20: =B20*100000+AL20 -> 5000000 | DG20: =C20*100000+AM20 -> 0 | DH20: =D20*100000+AN20 -> 0 | DI20: =E20*100000+AO20 -> 0 | DJ20: =F20*100000+AP20 -> 0 | DK20: =G20*100000+AQ20 -> 0 | DL20: =H20*100000+AR20 -> 0 | DM20: =I20*100000+AS20 -> 0 | ... EO20: =AK20*100000+BU20 -> 0
A21: =Sessions!B25 -> Close Grip Barbell Bench Press | B21: =IFERROR(N(Sessions!E25),0) -> 20 | C21: =IFERROR(N(Sessions!G25),0) -> 0 | D21: =IFERROR(N(Sessions!I25),0) -> 0 | E21: =IFERROR(N(Sessions!L25),0) -> 0 | F21: =IFERROR(N(Sessions!N25),0) -> 0 | G21: =IFERROR(N(Sessions!P25),0) -> 0 | H21: =IFERROR(N(Sessions!S25),0) -> 0 | I21: =IFERROR(N(Sessions!U25),0) -> 0 | J21: =IFERROR(N(Sessions!W25),0) -> 0 | K21: =IFERROR(N(Sessions!Z25),0) -> 0 | L21: =IFERROR(N(Sessions!AB25),0) -> 0 | M21: =IFERROR(N(Sessions!AD25),0) -> 0 | N21: =IFERROR(N(Sessions!AG25),0) -> 0 | O21: =IFERROR(N(Sessions!AI25),0) -> 0 | P21: =IFERROR(N(Sessions!AK25),0) -> 0 | Q21: =IFERROR(N(Sessions!AN25),0) -> 0 | R21: =IFERROR(N(Sessions!AP25),0) -> 0 | S21: =IFERROR(N(Sessions!AR25),0) -> 0 | T21: =IFERROR(N(Sessions!AU25),0) -> 0 | U21: =IFERROR(N(Sessions!AW25),0) -> 0 | V21: =IFERROR(N(Sessions!AY25),0) -> 0 | W21: =IFERROR(N(Sessions!BB25),0) -> 0 | X21: =IFERROR(N(Sessions!BD25),0) -> 0 | Y21: =IFERROR(N(Sessions!BF25),0) -> 0 | Z21: =IFERROR(N(Sessions!BI25),0) -> 0 | AA21: =IFERROR(N(Sessions!BK25),0) -> 0 | AB21: =IFERROR(N(Sessions!BM25),0) -> 0 | AC21: =IFERROR(N(Sessions!BP25),0) -> 0 | AD21: =IFERROR(N(Sessions!BR25),0) -> 0 | AE21: =IFERROR(N(Sessions!BT25),0) -> 0 | AF21: =IFERROR(N(Sessions!BW25),0) -> 0 | AG21: =IFERROR(N(Sessions!BY25),0) -> 0 | AH21: =IFERROR(N(Sessions!CA25),0) -> 0 | AI21: =IFERROR(N(Sessions!CD25),0) -> 0 | AJ21: =IFERROR(N(Sessions!CF25),0) -> 0 | AK21: =IFERROR(N(Sessions!CH25),0) -> 0 | AL21: =IFERROR(N(Sessions!F25),0) -> 0 | AM21: =IFERROR(N(Sessions!H25),0) -> 0 | AN21: =IFERROR(N(Sessions!J25),0) -> 0 | AO21: =IFERROR(N(Sessions!M25),0) -> 0 | AP21: =IFERROR(N(Sessions!O25),0) -> 0 | AQ21: =IFERROR(N(Sessions!Q25),0) -> 0 | AR21: =IFERROR(N(Sessions!T25),0) -> 0 | AS21: =IFERROR(N(Sessions!V25),0) -> 0 | AT21: =IFERROR(N(Sessions!X25),0) -> 0 | AU21: =IFERROR(N(Sessions!AA25),0) -> 0 | AV21: =IFERROR(N(Sessions!AC25),0) -> 0 | AW21: =IFERROR(N(Sessions!AE25),0) -> 0 | AX21: =IFERROR(N(Sessions!AH25),0) -> 0 | AY21: =IFERROR(N(Sessions!AJ25),0) -> 0 | AZ21: =IFERROR(N(Sessions!AL25),0) -> 0 | BA21: =IFERROR(N(Sessions!AO25),0) -> 0 | BB21: =IFERROR(N(Sessions!AQ25),0) -> 0 | BC21: =IFERROR(N(Sessions!AS25),0) -> 0 | BD21: =IFERROR(N(Sessions!AV25),0) -> 0 | BE21: =IFERROR(N(Sessions!AX25),0) -> 0 | BF21: =IFERROR(N(Sessions!AZ25),0) -> 0 | BG21: =IFERROR(N(Sessions!BC25),0) -> 0 | BH21: =IFERROR(N(Sessions!BE25),0) -> 0 | BI21: =IFERROR(N(Sessions!BG25),0) -> 0 | BJ21: =IFERROR(N(Sessions!BJ25),0) -> 0 | BK21: =IFERROR(N(Sessions!BL25),0) -> 0 | BL21: =IFERROR(N(Sessions!BN25),0) -> 0 | BM21: =IFERROR(N(Sessions!BQ25),0) -> 0 | BN21: =IFERROR(N(Sessions!BS25),0) -> 0 | BO21: =IFERROR(N(Sessions!BU25),0) -> 0 | BP21: =IFERROR(N(Sessions!BX25),0) -> 0 | BQ21: =IFERROR(N(Sessions!BZ25),0) -> 0 | BR21: =IFERROR(N(Sessions!CB25),0) -> 0 | BS21: =IFERROR(N(Sessions!CE25),0) -> 0 | BT21: =IFERROR(N(Sessions!CG25),0) -> 0 | BU21: =IFERROR(N(Sessions!CI25),0) -> 0 | BV21: =IF(B21=0,0,IFERROR(N(Sessions!D25),0)) -> 0 | BW21: =IF(C21=0,0,IFERROR(N(Sessions!D25),0)) -> 0 | BX21: =IF(D21=0,0,IFERROR(N(Sessions!D25),0)) -> 0 | BY21: =IF(E21=0,0,IFERROR(N(Sessions!K25),0)) -> 0 | BZ21: =IF(F21=0,0,IFERROR(N(Sessions!K25),0)) -> 0 | CA21: =IF(G21=0,0,IFERROR(N(Sessions!K25),0)) -> 0 | CB21: =IF(H21=0,0,IFERROR(N(Sessions!R25),0)) -> 0 | CC21: =IF(I21=0,0,IFERROR(N(Sessions!R25),0)) -> 0 | CD21: =IF(J21=0,0,IFERROR(N(Sessions!R25),0)) -> 0 | CE21: =IF(K21=0,0,IFERROR(N(Sessions!Y25),0)) -> 0 | CF21: =IF(L21=0,0,IFERROR(N(Sessions!Y25),0)) -> 0 | CG21: =IF(M21=0,0,IFERROR(N(Sessions!Y25),0)) -> 0 | CH21: =IF(N21=0,0,IFERROR(N(Sessions!AF25),0)) -> 0 | CI21: =IF(O21=0,0,IFERROR(N(Sessions!AF25),0)) -> 0 | CJ21: =IF(P21=0,0,IFERROR(N(Sessions!AF25),0)) -> 0 | CK21: =IF(Q21=0,0,IFERROR(N(Sessions!AM25),0)) -> 0 | CL21: =IF(R21=0,0,IFERROR(N(Sessions!AM25),0)) -> 0 | CM21: =IF(S21=0,0,IFERROR(N(Sessions!AM25),0)) -> 0 | CN21: =IF(T21=0,0,IFERROR(N(Sessions!AT25),0)) -> 0 | CO21: =IF(U21=0,0,IFERROR(N(Sessions!AT25),0)) -> 0 | CP21: =IF(V21=0,0,IFERROR(N(Sessions!AT25),0)) -> 0 | CQ21: =IF(W21=0,0,IFERROR(N(Sessions!BA25),0)) -> 0 | CR21: =IF(X21=0,0,IFERROR(N(Sessions!BA25),0)) -> 0 | CS21: =IF(Y21=0,0,IFERROR(N(Sessions!BA25),0)) -> 0 | CT21: =IF(Z21=0,0,IFERROR(N(Sessions!BH25),0)) -> 0 | CU21: =IF(AA21=0,0,IFERROR(N(Sessions!BH25),0)) -> 0 | CV21: =IF(AB21=0,0,IFERROR(N(Sessions!BH25),0)) -> 0 | CW21: =IF(AC21=0,0,IFERROR(N(Sessions!BO25),0)) -> 0 | CX21: =IF(AD21=0,0,IFERROR(N(Sessions!BO25),0)) -> 0 | CY21: =IF(AE21=0,0,IFERROR(N(Sessions!BO25),0)) -> 0 | CZ21: =IF(AF21=0,0,IFERROR(N(Sessions!BV25),0)) -> 0 | DA21: =IF(AG21=0,0,IFERROR(N(Sessions!BV25),0)) -> 0 | DB21: =IF(AH21=0,0,IFERROR(N(Sessions!BV25),0)) -> 0 | DC21: =IF(AI21=0,0,IFERROR(N(Sessions!CC25),0)) -> 0 | DD21: =IF(AJ21=0,0,IFERROR(N(Sessions!CC25),0)) -> 0 | DE21: =IF(AK21=0,0,IFERROR(N(Sessions!CC25),0)) -> 0 | DF21: =B21*100000+AL21 -> 2000000 | DG21: =C21*100000+AM21 -> 0 | DH21: =D21*100000+AN21 -> 0 | DI21: =E21*100000+AO21 -> 0 | DJ21: =F21*100000+AP21 -> 0 | DK21: =G21*100000+AQ21 -> 0 | DL21: =H21*100000+AR21 -> 0 | DM21: =I21*100000+AS21 -> 0 | ... EO21: =AK21*100000+BU21 -> 0
A22: =Sessions!B26 -> T-Bar Row | B22: =IFERROR(N(Sessions!E26),0) -> 30 | C22: =IFERROR(N(Sessions!G26),0) -> 0 | D22: =IFERROR(N(Sessions!I26),0) -> 0 | E22: =IFERROR(N(Sessions!L26),0) -> 0 | F22: =IFERROR(N(Sessions!N26),0) -> 0 | G22: =IFERROR(N(Sessions!P26),0) -> 0 | H22: =IFERROR(N(Sessions!S26),0) -> 0 | I22: =IFERROR(N(Sessions!U26),0) -> 0 | J22: =IFERROR(N(Sessions!W26),0) -> 0 | K22: =IFERROR(N(Sessions!Z26),0) -> 0 | L22: =IFERROR(N(Sessions!AB26),0) -> 0 | M22: =IFERROR(N(Sessions!AD26),0) -> 0 | N22: =IFERROR(N(Sessions!AG26),0) -> 0 | O22: =IFERROR(N(Sessions!AI26),0) -> 0 | P22: =IFERROR(N(Sessions!AK26),0) -> 0 | Q22: =IFERROR(N(Sessions!AN26),0) -> 0 | R22: =IFERROR(N(Sessions!AP26),0) -> 0 | S22: =IFERROR(N(Sessions!AR26),0) -> 0 | T22: =IFERROR(N(Sessions!AU26),0) -> 0 | U22: =IFERROR(N(Sessions!AW26),0) -> 0 | V22: =IFERROR(N(Sessions!AY26),0) -> 0 | W22: =IFERROR(N(Sessions!BB26),0) -> 0 | X22: =IFERROR(N(Sessions!BD26),0) -> 0 | Y22: =IFERROR(N(Sessions!BF26),0) -> 0 | Z22: =IFERROR(N(Sessions!BI26),0) -> 0 | AA22: =IFERROR(N(Sessions!BK26),0) -> 0 | AB22: =IFERROR(N(Sessions!BM26),0) -> 0 | AC22: =IFERROR(N(Sessions!BP26),0) -> 0 | AD22: =IFERROR(N(Sessions!BR26),0) -> 0 | AE22: =IFERROR(N(Sessions!BT26),0) -> 0 | AF22: =IFERROR(N(Sessions!BW26),0) -> 0 | AG22: =IFERROR(N(Sessions!BY26),0) -> 0 | AH22: =IFERROR(N(Sessions!CA26),0) -> 0 | AI22: =IFERROR(N(Sessions!CD26),0) -> 0 | AJ22: =IFERROR(N(Sessions!CF26),0) -> 0 | AK22: =IFERROR(N(Sessions!CH26),0) -> 0 | AL22: =IFERROR(N(Sessions!F26),0) -> 0 | AM22: =IFERROR(N(Sessions!H26),0) -> 0 | AN22: =IFERROR(N(Sessions!J26),0) -> 0 | AO22: =IFERROR(N(Sessions!M26),0) -> 0 | AP22: =IFERROR(N(Sessions!O26),0) -> 0 | AQ22: =IFERROR(N(Sessions!Q26),0) -> 0 | AR22: =IFERROR(N(Sessions!T26),0) -> 0 | AS22: =IFERROR(N(Sessions!V26),0) -> 0 | AT22: =IFERROR(N(Sessions!X26),0) -> 0 | AU22: =IFERROR(N(Sessions!AA26),0) -> 0 | AV22: =IFERROR(N(Sessions!AC26),0) -> 0 | AW22: =IFERROR(N(Sessions!AE26),0) -> 0 | AX22: =IFERROR(N(Sessions!AH26),0) -> 0 | AY22: =IFERROR(N(Sessions!AJ26),0) -> 0 | AZ22: =IFERROR(N(Sessions!AL26),0) -> 0 | BA22: =IFERROR(N(Sessions!AO26),0) -> 0 | BB22: =IFERROR(N(Sessions!AQ26),0) -> 0 | BC22: =IFERROR(N(Sessions!AS26),0) -> 0 | BD22: =IFERROR(N(Sessions!AV26),0) -> 0 | BE22: =IFERROR(N(Sessions!AX26),0) -> 0 | BF22: =IFERROR(N(Sessions!AZ26),0) -> 0 | BG22: =IFERROR(N(Sessions!BC26),0) -> 0 | BH22: =IFERROR(N(Sessions!BE26),0) -> 0 | BI22: =IFERROR(N(Sessions!BG26),0) -> 0 | BJ22: =IFERROR(N(Sessions!BJ26),0) -> 0 | BK22: =IFERROR(N(Sessions!BL26),0) -> 0 | BL22: =IFERROR(N(Sessions!BN26),0) -> 0 | BM22: =IFERROR(N(Sessions!BQ26),0) -> 0 | BN22: =IFERROR(N(Sessions!BS26),0) -> 0 | BO22: =IFERROR(N(Sessions!BU26),0) -> 0 | BP22: =IFERROR(N(Sessions!BX26),0) -> 0 | BQ22: =IFERROR(N(Sessions!BZ26),0) -> 0 | BR22: =IFERROR(N(Sessions!CB26),0) -> 0 | BS22: =IFERROR(N(Sessions!CE26),0) -> 0 | BT22: =IFERROR(N(Sessions!CG26),0) -> 0 | BU22: =IFERROR(N(Sessions!CI26),0) -> 0 | BV22: =IF(B22=0,0,IFERROR(N(Sessions!D26),0)) -> 0 | BW22: =IF(C22=0,0,IFERROR(N(Sessions!D26),0)) -> 0 | BX22: =IF(D22=0,0,IFERROR(N(Sessions!D26),0)) -> 0 | BY22: =IF(E22=0,0,IFERROR(N(Sessions!K26),0)) -> 0 | BZ22: =IF(F22=0,0,IFERROR(N(Sessions!K26),0)) -> 0 | CA22: =IF(G22=0,0,IFERROR(N(Sessions!K26),0)) -> 0 | CB22: =IF(H22=0,0,IFERROR(N(Sessions!R26),0)) -> 0 | CC22: =IF(I22=0,0,IFERROR(N(Sessions!R26),0)) -> 0 | CD22: =IF(J22=0,0,IFERROR(N(Sessions!R26),0)) -> 0 | CE22: =IF(K22=0,0,IFERROR(N(Sessions!Y26),0)) -> 0 | CF22: =IF(L22=0,0,IFERROR(N(Sessions!Y26),0)) -> 0 | CG22: =IF(M22=0,0,IFERROR(N(Sessions!Y26),0)) -> 0 | CH22: =IF(N22=0,0,IFERROR(N(Sessions!AF26),0)) -> 0 | CI22: =IF(O22=0,0,IFERROR(N(Sessions!AF26),0)) -> 0 | CJ22: =IF(P22=0,0,IFERROR(N(Sessions!AF26),0)) -> 0 | CK22: =IF(Q22=0,0,IFERROR(N(Sessions!AM26),0)) -> 0 | CL22: =IF(R22=0,0,IFERROR(N(Sessions!AM26),0)) -> 0 | CM22: =IF(S22=0,0,IFERROR(N(Sessions!AM26),0)) -> 0 | CN22: =IF(T22=0,0,IFERROR(N(Sessions!AT26),0)) -> 0 | CO22: =IF(U22=0,0,IFERROR(N(Sessions!AT26),0)) -> 0 | CP22: =IF(V22=0,0,IFERROR(N(Sessions!AT26),0)) -> 0 | CQ22: =IF(W22=0,0,IFERROR(N(Sessions!BA26),0)) -> 0 | CR22: =IF(X22=0,0,IFERROR(N(Sessions!BA26),0)) -> 0 | CS22: =IF(Y22=0,0,IFERROR(N(Sessions!BA26),0)) -> 0 | CT22: =IF(Z22=0,0,IFERROR(N(Sessions!BH26),0)) -> 0 | CU22: =IF(AA22=0,0,IFERROR(N(Sessions!BH26),0)) -> 0 | CV22: =IF(AB22=0,0,IFERROR(N(Sessions!BH26),0)) -> 0 | CW22: =IF(AC22=0,0,IFERROR(N(Sessions!BO26),0)) -> 0 | CX22: =IF(AD22=0,0,IFERROR(N(Sessions!BO26),0)) -> 0 | CY22: =IF(AE22=0,0,IFERROR(N(Sessions!BO26),0)) -> 0 | CZ22: =IF(AF22=0,0,IFERROR(N(Sessions!BV26),0)) -> 0 | DA22: =IF(AG22=0,0,IFERROR(N(Sessions!BV26),0)) -> 0 | DB22: =IF(AH22=0,0,IFERROR(N(Sessions!BV26),0)) -> 0 | DC22: =IF(AI22=0,0,IFERROR(N(Sessions!CC26),0)) -> 0 | DD22: =IF(AJ22=0,0,IFERROR(N(Sessions!CC26),0)) -> 0 | DE22: =IF(AK22=0,0,IFERROR(N(Sessions!CC26),0)) -> 0 | DF22: =B22*100000+AL22 -> 3000000 | DG22: =C22*100000+AM22 -> 0 | DH22: =D22*100000+AN22 -> 0 | DI22: =E22*100000+AO22 -> 0 | DJ22: =F22*100000+AP22 -> 0 | DK22: =G22*100000+AQ22 -> 0 | DL22: =H22*100000+AR22 -> 0 | DM22: =I22*100000+AS22 -> 0 | ... EO22: =AK22*100000+BU22 -> 0
A23: =Sessions!B27 -> Seated Dumbbell Overhead Press | B23: =IFERROR(N(Sessions!E27),0) -> 12.5 | C23: =IFERROR(N(Sessions!G27),0) -> 0 | D23: =IFERROR(N(Sessions!I27),0) -> 0 | E23: =IFERROR(N(Sessions!L27),0) -> 0 | F23: =IFERROR(N(Sessions!N27),0) -> 0 | G23: =IFERROR(N(Sessions!P27),0) -> 0 | H23: =IFERROR(N(Sessions!S27),0) -> 0 | I23: =IFERROR(N(Sessions!U27),0) -> 0 | J23: =IFERROR(N(Sessions!W27),0) -> 0 | K23: =IFERROR(N(Sessions!Z27),0) -> 0 | L23: =IFERROR(N(Sessions!AB27),0) -> 0 | M23: =IFERROR(N(Sessions!AD27),0) -> 0 | N23: =IFERROR(N(Sessions!AG27),0) -> 0 | O23: =IFERROR(N(Sessions!AI27),0) -> 0 | P23: =IFERROR(N(Sessions!AK27),0) -> 0 | Q23: =IFERROR(N(Sessions!AN27),0) -> 0 | R23: =IFERROR(N(Sessions!AP27),0) -> 0 | S23: =IFERROR(N(Sessions!AR27),0) -> 0 | T23: =IFERROR(N(Sessions!AU27),0) -> 0 | U23: =IFERROR(N(Sessions!AW27),0) -> 0 | V23: =IFERROR(N(Sessions!AY27),0) -> 0 | W23: =IFERROR(N(Sessions!BB27),0) -> 0 | X23: =IFERROR(N(Sessions!BD27),0) -> 0 | Y23: =IFERROR(N(Sessions!BF27),0) -> 0 | Z23: =IFERROR(N(Sessions!BI27),0) -> 0 | AA23: =IFERROR(N(Sessions!BK27),0) -> 0 | AB23: =IFERROR(N(Sessions!BM27),0) -> 0 | AC23: =IFERROR(N(Sessions!BP27),0) -> 0 | AD23: =IFERROR(N(Sessions!BR27),0) -> 0 | AE23: =IFERROR(N(Sessions!BT27),0) -> 0 | AF23: =IFERROR(N(Sessions!BW27),0) -> 0 | AG23: =IFERROR(N(Sessions!BY27),0) -> 0 | AH23: =IFERROR(N(Sessions!CA27),0) -> 0 | AI23: =IFERROR(N(Sessions!CD27),0) -> 0 | AJ23: =IFERROR(N(Sessions!CF27),0) -> 0 | AK23: =IFERROR(N(Sessions!CH27),0) -> 0 | AL23: =IFERROR(N(Sessions!F27),0) -> 0 | AM23: =IFERROR(N(Sessions!H27),0) -> 0 | AN23: =IFERROR(N(Sessions!J27),0) -> 0 | AO23: =IFERROR(N(Sessions!M27),0) -> 0 | AP23: =IFERROR(N(Sessions!O27),0) -> 0 | AQ23: =IFERROR(N(Sessions!Q27),0) -> 0 | AR23: =IFERROR(N(Sessions!T27),0) -> 0 | AS23: =IFERROR(N(Sessions!V27),0) -> 0 | AT23: =IFERROR(N(Sessions!X27),0) -> 0 | AU23: =IFERROR(N(Sessions!AA27),0) -> 0 | AV23: =IFERROR(N(Sessions!AC27),0) -> 0 | AW23: =IFERROR(N(Sessions!AE27),0) -> 0 | AX23: =IFERROR(N(Sessions!AH27),0) -> 0 | AY23: =IFERROR(N(Sessions!AJ27),0) -> 0 | AZ23: =IFERROR(N(Sessions!AL27),0) -> 0 | BA23: =IFERROR(N(Sessions!AO27),0) -> 0 | BB23: =IFERROR(N(Sessions!AQ27),0) -> 0 | BC23: =IFERROR(N(Sessions!AS27),0) -> 0 | BD23: =IFERROR(N(Sessions!AV27),0) -> 0 | BE23: =IFERROR(N(Sessions!AX27),0) -> 0 | BF23: =IFERROR(N(Sessions!AZ27),0) -> 0 | BG23: =IFERROR(N(Sessions!BC27),0) -> 0 | BH23: =IFERROR(N(Sessions!BE27),0) -> 0 | BI23: =IFERROR(N(Sessions!BG27),0) -> 0 | BJ23: =IFERROR(N(Sessions!BJ27),0) -> 0 | BK23: =IFERROR(N(Sessions!BL27),0) -> 0 | BL23: =IFERROR(N(Sessions!BN27),0) -> 0 | BM23: =IFERROR(N(Sessions!BQ27),0) -> 0 | BN23: =IFERROR(N(Sessions!BS27),0) -> 0 | BO23: =IFERROR(N(Sessions!BU27),0) -> 0 | BP23: =IFERROR(N(Sessions!BX27),0) -> 0 | BQ23: =IFERROR(N(Sessions!BZ27),0) -> 0 | BR23: =IFERROR(N(Sessions!CB27),0) -> 0 | BS23: =IFERROR(N(Sessions!CE27),0) -> 0 | BT23: =IFERROR(N(Sessions!CG27),0) -> 0 | BU23: =IFERROR(N(Sessions!CI27),0) -> 0 | BV23: =IF(B23=0,0,IFERROR(N(Sessions!D27),0)) -> 0 | BW23: =IF(C23=0,0,IFERROR(N(Sessions!D27),0)) -> 0 | BX23: =IF(D23=0,0,IFERROR(N(Sessions!D27),0)) -> 0 | BY23: =IF(E23=0,0,IFERROR(N(Sessions!K27),0)) -> 0 | BZ23: =IF(F23=0,0,IFERROR(N(Sessions!K27),0)) -> 0 | CA23: =IF(G23=0,0,IFERROR(N(Sessions!K27),0)) -> 0 | CB23: =IF(H23=0,0,IFERROR(N(Sessions!R27),0)) -> 0 | CC23: =IF(I23=0,0,IFERROR(N(Sessions!R27),0)) -> 0 | CD23: =IF(J23=0,0,IFERROR(N(Sessions!R27),0)) -> 0 | CE23: =IF(K23=0,0,IFERROR(N(Sessions!Y27),0)) -> 0 | CF23: =IF(L23=0,0,IFERROR(N(Sessions!Y27),0)) -> 0 | CG23: =IF(M23=0,0,IFERROR(N(Sessions!Y27),0)) -> 0 | CH23: =IF(N23=0,0,IFERROR(N(Sessions!AF27),0)) -> 0 | CI23: =IF(O23=0,0,IFERROR(N(Sessions!AF27),0)) -> 0 | CJ23: =IF(P23=0,0,IFERROR(N(Sessions!AF27),0)) -> 0 | CK23: =IF(Q23=0,0,IFERROR(N(Sessions!AM27),0)) -> 0 | CL23: =IF(R23=0,0,IFERROR(N(Sessions!AM27),0)) -> 0 | CM23: =IF(S23=0,0,IFERROR(N(Sessions!AM27),0)) -> 0 | CN23: =IF(T23=0,0,IFERROR(N(Sessions!AT27),0)) -> 0 | CO23: =IF(U23=0,0,IFERROR(N(Sessions!AT27),0)) -> 0 | CP23: =IF(V23=0,0,IFERROR(N(Sessions!AT27),0)) -> 0 | CQ23: =IF(W23=0,0,IFERROR(N(Sessions!BA27),0)) -> 0 | CR23: =IF(X23=0,0,IFERROR(N(Sessions!BA27),0)) -> 0 | CS23: =IF(Y23=0,0,IFERROR(N(Sessions!BA27),0)) -> 0 | CT23: =IF(Z23=0,0,IFERROR(N(Sessions!BH27),0)) -> 0 | CU23: =IF(AA23=0,0,IFERROR(N(Sessions!BH27),0)) -> 0 | CV23: =IF(AB23=0,0,IFERROR(N(Sessions!BH27),0)) -> 0 | CW23: =IF(AC23=0,0,IFERROR(N(Sessions!BO27),0)) -> 0 | CX23: =IF(AD23=0,0,IFERROR(N(Sessions!BO27),0)) -> 0 | CY23: =IF(AE23=0,0,IFERROR(N(Sessions!BO27),0)) -> 0 | CZ23: =IF(AF23=0,0,IFERROR(N(Sessions!BV27),0)) -> 0 | DA23: =IF(AG23=0,0,IFERROR(N(Sessions!BV27),0)) -> 0 | DB23: =IF(AH23=0,0,IFERROR(N(Sessions!BV27),0)) -> 0 | DC23: =IF(AI23=0,0,IFERROR(N(Sessions!CC27),0)) -> 0 | DD23: =IF(AJ23=0,0,IFERROR(N(Sessions!CC27),0)) -> 0 | DE23: =IF(AK23=0,0,IFERROR(N(Sessions!CC27),0)) -> 0 | DF23: =B23*100000+AL23 -> 1250000 | DG23: =C23*100000+AM23 -> 0 | DH23: =D23*100000+AN23 -> 0 | DI23: =E23*100000+AO23 -> 0 | DJ23: =F23*100000+AP23 -> 0 | DK23: =G23*100000+AQ23 -> 0 | DL23: =H23*100000+AR23 -> 0 | DM23: =I23*100000+AS23 -> 0 | ... EO23: =AK23*100000+BU23 -> 0
A24: =Sessions!B28 -> Dumbbell Hammer Curls | B24: =IFERROR(N(Sessions!E28),0) -> 9 | C24: =IFERROR(N(Sessions!G28),0) -> 0 | D24: =IFERROR(N(Sessions!I28),0) -> 0 | E24: =IFERROR(N(Sessions!L28),0) -> 0 | F24: =IFERROR(N(Sessions!N28),0) -> 0 | G24: =IFERROR(N(Sessions!P28),0) -> 0 | H24: =IFERROR(N(Sessions!S28),0) -> 0 | I24: =IFERROR(N(Sessions!U28),0) -> 0 | J24: =IFERROR(N(Sessions!W28),0) -> 0 | K24: =IFERROR(N(Sessions!Z28),0) -> 0 | L24: =IFERROR(N(Sessions!AB28),0) -> 0 | M24: =IFERROR(N(Sessions!AD28),0) -> 0 | N24: =IFERROR(N(Sessions!AG28),0) -> 0 | O24: =IFERROR(N(Sessions!AI28),0) -> 0 | P24: =IFERROR(N(Sessions!AK28),0) -> 0 | Q24: =IFERROR(N(Sessions!AN28),0) -> 0 | R24: =IFERROR(N(Sessions!AP28),0) -> 0 | S24: =IFERROR(N(Sessions!AR28),0) -> 0 | T24: =IFERROR(N(Sessions!AU28),0) -> 0 | U24: =IFERROR(N(Sessions!AW28),0) -> 0 | V24: =IFERROR(N(Sessions!AY28),0) -> 0 | W24: =IFERROR(N(Sessions!BB28),0) -> 0 | X24: =IFERROR(N(Sessions!BD28),0) -> 0 | Y24: =IFERROR(N(Sessions!BF28),0) -> 0 | Z24: =IFERROR(N(Sessions!BI28),0) -> 0 | AA24: =IFERROR(N(Sessions!BK28),0) -> 0 | AB24: =IFERROR(N(Sessions!BM28),0) -> 0 | AC24: =IFERROR(N(Sessions!BP28),0) -> 0 | AD24: =IFERROR(N(Sessions!BR28),0) -> 0 | AE24: =IFERROR(N(Sessions!BT28),0) -> 0 | AF24: =IFERROR(N(Sessions!BW28),0) -> 0 | AG24: =IFERROR(N(Sessions!BY28),0) -> 0 | AH24: =IFERROR(N(Sessions!CA28),0) -> 0 | AI24: =IFERROR(N(Sessions!CD28),0) -> 0 | AJ24: =IFERROR(N(Sessions!CF28),0) -> 0 | AK24: =IFERROR(N(Sessions!CH28),0) -> 0 | AL24: =IFERROR(N(Sessions!F28),0) -> 0 | AM24: =IFERROR(N(Sessions!H28),0) -> 0 | AN24: =IFERROR(N(Sessions!J28),0) -> 0 | AO24: =IFERROR(N(Sessions!M28),0) -> 0 | AP24: =IFERROR(N(Sessions!O28),0) -> 0 | AQ24: =IFERROR(N(Sessions!Q28),0) -> 0 | AR24: =IFERROR(N(Sessions!T28),0) -> 0 | AS24: =IFERROR(N(Sessions!V28),0) -> 0 | AT24: =IFERROR(N(Sessions!X28),0) -> 0 | AU24: =IFERROR(N(Sessions!AA28),0) -> 0 | AV24: =IFERROR(N(Sessions!AC28),0) -> 0 | AW24: =IFERROR(N(Sessions!AE28),0) -> 0 | AX24: =IFERROR(N(Sessions!AH28),0) -> 0 | AY24: =IFERROR(N(Sessions!AJ28),0) -> 0 | AZ24: =IFERROR(N(Sessions!AL28),0) -> 0 | BA24: =IFERROR(N(Sessions!AO28),0) -> 0 | BB24: =IFERROR(N(Sessions!AQ28),0) -> 0 | BC24: =IFERROR(N(Sessions!AS28),0) -> 0 | BD24: =IFERROR(N(Sessions!AV28),0) -> 0 | BE24: =IFERROR(N(Sessions!AX28),0) -> 0 | BF24: =IFERROR(N(Sessions!AZ28),0) -> 0 | BG24: =IFERROR(N(Sessions!BC28),0) -> 0 | BH24: =IFERROR(N(Sessions!BE28),0) -> 0 | BI24: =IFERROR(N(Sessions!BG28),0) -> 0 | BJ24: =IFERROR(N(Sessions!BJ28),0) -> 0 | BK24: =IFERROR(N(Sessions!BL28),0) -> 0 | BL24: =IFERROR(N(Sessions!BN28),0) -> 0 | BM24: =IFERROR(N(Sessions!BQ28),0) -> 0 | BN24: =IFERROR(N(Sessions!BS28),0) -> 0 | BO24: =IFERROR(N(Sessions!BU28),0) -> 0 | BP24: =IFERROR(N(Sessions!BX28),0) -> 0 | BQ24: =IFERROR(N(Sessions!BZ28),0) -> 0 | BR24: =IFERROR(N(Sessions!CB28),0) -> 0 | BS24: =IFERROR(N(Sessions!CE28),0) -> 0 | BT24: =IFERROR(N(Sessions!CG28),0) -> 0 | BU24: =IFERROR(N(Sessions!CI28),0) -> 0 | BV24: =IF(B24=0,0,IFERROR(N(Sessions!D28),0)) -> 0 | BW24: =IF(C24=0,0,IFERROR(N(Sessions!D28),0)) -> 0 | BX24: =IF(D24=0,0,IFERROR(N(Sessions!D28),0)) -> 0 | BY24: =IF(E24=0,0,IFERROR(N(Sessions!K28),0)) -> 0 | BZ24: =IF(F24=0,0,IFERROR(N(Sessions!K28),0)) -> 0 | CA24: =IF(G24=0,0,IFERROR(N(Sessions!K28),0)) -> 0 | CB24: =IF(H24=0,0,IFERROR(N(Sessions!R28),0)) -> 0 | CC24: =IF(I24=0,0,IFERROR(N(Sessions!R28),0)) -> 0 | CD24: =IF(J24=0,0,IFERROR(N(Sessions!R28),0)) -> 0 | CE24: =IF(K24=0,0,IFERROR(N(Sessions!Y28),0)) -> 0 | CF24: =IF(L24=0,0,IFERROR(N(Sessions!Y28),0)) -> 0 | CG24: =IF(M24=0,0,IFERROR(N(Sessions!Y28),0)) -> 0 | CH24: =IF(N24=0,0,IFERROR(N(Sessions!AF28),0)) -> 0 | CI24: =IF(O24=0,0,IFERROR(N(Sessions!AF28),0)) -> 0 | CJ24: =IF(P24=0,0,IFERROR(N(Sessions!AF28),0)) -> 0 | CK24: =IF(Q24=0,0,IFERROR(N(Sessions!AM28),0)) -> 0 | CL24: =IF(R24=0,0,IFERROR(N(Sessions!AM28),0)) -> 0 | CM24: =IF(S24=0,0,IFERROR(N(Sessions!AM28),0)) -> 0 | CN24: =IF(T24=0,0,IFERROR(N(Sessions!AT28),0)) -> 0 | CO24: =IF(U24=0,0,IFERROR(N(Sessions!AT28),0)) -> 0 | CP24: =IF(V24=0,0,IFERROR(N(Sessions!AT28),0)) -> 0 | CQ24: =IF(W24=0,0,IFERROR(N(Sessions!BA28),0)) -> 0 | CR24: =IF(X24=0,0,IFERROR(N(Sessions!BA28),0)) -> 0 | CS24: =IF(Y24=0,0,IFERROR(N(Sessions!BA28),0)) -> 0 | CT24: =IF(Z24=0,0,IFERROR(N(Sessions!BH28),0)) -> 0 | CU24: =IF(AA24=0,0,IFERROR(N(Sessions!BH28),0)) -> 0 | CV24: =IF(AB24=0,0,IFERROR(N(Sessions!BH28),0)) -> 0 | CW24: =IF(AC24=0,0,IFERROR(N(Sessions!BO28),0)) -> 0 | CX24: =IF(AD24=0,0,IFERROR(N(Sessions!BO28),0)) -> 0 | CY24: =IF(AE24=0,0,IFERROR(N(Sessions!BO28),0)) -> 0 | CZ24: =IF(AF24=0,0,IFERROR(N(Sessions!BV28),0)) -> 0 | DA24: =IF(AG24=0,0,IFERROR(N(Sessions!BV28),0)) -> 0 | DB24: =IF(AH24=0,0,IFERROR(N(Sessions!BV28),0)) -> 0 | DC24: =IF(AI24=0,0,IFERROR(N(Sessions!CC28),0)) -> 0 | DD24: =IF(AJ24=0,0,IFERROR(N(Sessions!CC28),0)) -> 0 | DE24: =IF(AK24=0,0,IFERROR(N(Sessions!CC28),0)) -> 0 | DF24: =B24*100000+AL24 -> 900000 | DG24: =C24*100000+AM24 -> 0 | DH24: =D24*100000+AN24 -> 0 | DI24: =E24*100000+AO24 -> 0 | DJ24: =F24*100000+AP24 -> 0 | DK24: =G24*100000+AQ24 -> 0 | DL24: =H24*100000+AR24 -> 0 | DM24: =I24*100000+AS24 -> 0 | ... EO24: =AK24*100000+BU24 -> 0
A25: =Sessions!B29 -> Overhead Tricep Extension | B25: =IFERROR(N(Sessions!E29),0) -> 5 | C25: =IFERROR(N(Sessions!G29),0) -> 0 | D25: =IFERROR(N(Sessions!I29),0) -> 0 | E25: =IFERROR(N(Sessions!L29),0) -> 0 | F25: =IFERROR(N(Sessions!N29),0) -> 0 | G25: =IFERROR(N(Sessions!P29),0) -> 0 | H25: =IFERROR(N(Sessions!S29),0) -> 0 | I25: =IFERROR(N(Sessions!U29),0) -> 0 | J25: =IFERROR(N(Sessions!W29),0) -> 0 | K25: =IFERROR(N(Sessions!Z29),0) -> 0 | L25: =IFERROR(N(Sessions!AB29),0) -> 0 | M25: =IFERROR(N(Sessions!AD29),0) -> 0 | N25: =IFERROR(N(Sessions!AG29),0) -> 0 | O25: =IFERROR(N(Sessions!AI29),0) -> 0 | P25: =IFERROR(N(Sessions!AK29),0) -> 0 | Q25: =IFERROR(N(Sessions!AN29),0) -> 0 | R25: =IFERROR(N(Sessions!AP29),0) -> 0 | S25: =IFERROR(N(Sessions!AR29),0) -> 0 | T25: =IFERROR(N(Sessions!AU29),0) -> 0 | U25: =IFERROR(N(Sessions!AW29),0) -> 0 | V25: =IFERROR(N(Sessions!AY29),0) -> 0 | W25: =IFERROR(N(Sessions!BB29),0) -> 0 | X25: =IFERROR(N(Sessions!BD29),0) -> 0 | Y25: =IFERROR(N(Sessions!BF29),0) -> 0 | Z25: =IFERROR(N(Sessions!BI29),0) -> 0 | AA25: =IFERROR(N(Sessions!BK29),0) -> 0 | AB25: =IFERROR(N(Sessions!BM29),0) -> 0 | AC25: =IFERROR(N(Sessions!BP29),0) -> 0 | AD25: =IFERROR(N(Sessions!BR29),0) -> 0 | AE25: =IFERROR(N(Sessions!BT29),0) -> 0 | AF25: =IFERROR(N(Sessions!BW29),0) -> 0 | AG25: =IFERROR(N(Sessions!BY29),0) -> 0 | AH25: =IFERROR(N(Sessions!CA29),0) -> 0 | AI25: =IFERROR(N(Sessions!CD29),0) -> 0 | AJ25: =IFERROR(N(Sessions!CF29),0) -> 0 | AK25: =IFERROR(N(Sessions!CH29),0) -> 0 | AL25: =IFERROR(N(Sessions!F29),0) -> 0 | AM25: =IFERROR(N(Sessions!H29),0) -> 0 | AN25: =IFERROR(N(Sessions!J29),0) -> 0 | AO25: =IFERROR(N(Sessions!M29),0) -> 0 | AP25: =IFERROR(N(Sessions!O29),0) -> 0 | AQ25: =IFERROR(N(Sessions!Q29),0) -> 0 | AR25: =IFERROR(N(Sessions!T29),0) -> 0 | AS25: =IFERROR(N(Sessions!V29),0) -> 0 | AT25: =IFERROR(N(Sessions!X29),0) -> 0 | AU25: =IFERROR(N(Sessions!AA29),0) -> 0 | AV25: =IFERROR(N(Sessions!AC29),0) -> 0 | AW25: =IFERROR(N(Sessions!AE29),0) -> 0 | AX25: =IFERROR(N(Sessions!AH29),0) -> 0 | AY25: =IFERROR(N(Sessions!AJ29),0) -> 0 | AZ25: =IFERROR(N(Sessions!AL29),0) -> 0 | BA25: =IFERROR(N(Sessions!AO29),0) -> 0 | BB25: =IFERROR(N(Sessions!AQ29),0) -> 0 | BC25: =IFERROR(N(Sessions!AS29),0) -> 0 | BD25: =IFERROR(N(Sessions!AV29),0) -> 0 | BE25: =IFERROR(N(Sessions!AX29),0) -> 0 | BF25: =IFERROR(N(Sessions!AZ29),0) -> 0 | BG25: =IFERROR(N(Sessions!BC29),0) -> 0 | BH25: =IFERROR(N(Sessions!BE29),0) -> 0 | BI25: =IFERROR(N(Sessions!BG29),0) -> 0 | BJ25: =IFERROR(N(Sessions!BJ29),0) -> 0 | BK25: =IFERROR(N(Sessions!BL29),0) -> 0 | BL25: =IFERROR(N(Sessions!BN29),0) -> 0 | BM25: =IFERROR(N(Sessions!BQ29),0) -> 0 | BN25: =IFERROR(N(Sessions!BS29),0) -> 0 | BO25: =IFERROR(N(Sessions!BU29),0) -> 0 | BP25: =IFERROR(N(Sessions!BX29),0) -> 0 | BQ25: =IFERROR(N(Sessions!BZ29),0) -> 0 | BR25: =IFERROR(N(Sessions!CB29),0) -> 0 | BS25: =IFERROR(N(Sessions!CE29),0) -> 0 | BT25: =IFERROR(N(Sessions!CG29),0) -> 0 | BU25: =IFERROR(N(Sessions!CI29),0) -> 0 | BV25: =IF(B25=0,0,IFERROR(N(Sessions!D29),0)) -> 0 | BW25: =IF(C25=0,0,IFERROR(N(Sessions!D29),0)) -> 0 | BX25: =IF(D25=0,0,IFERROR(N(Sessions!D29),0)) -> 0 | BY25: =IF(E25=0,0,IFERROR(N(Sessions!K29),0)) -> 0 | BZ25: =IF(F25=0,0,IFERROR(N(Sessions!K29),0)) -> 0 | CA25: =IF(G25=0,0,IFERROR(N(Sessions!K29),0)) -> 0 | CB25: =IF(H25=0,0,IFERROR(N(Sessions!R29),0)) -> 0 | CC25: =IF(I25=0,0,IFERROR(N(Sessions!R29),0)) -> 0 | CD25: =IF(J25=0,0,IFERROR(N(Sessions!R29),0)) -> 0 | CE25: =IF(K25=0,0,IFERROR(N(Sessions!Y29),0)) -> 0 | CF25: =IF(L25=0,0,IFERROR(N(Sessions!Y29),0)) -> 0 | CG25: =IF(M25=0,0,IFERROR(N(Sessions!Y29),0)) -> 0 | CH25: =IF(N25=0,0,IFERROR(N(Sessions!AF29),0)) -> 0 | CI25: =IF(O25=0,0,IFERROR(N(Sessions!AF29),0)) -> 0 | CJ25: =IF(P25=0,0,IFERROR(N(Sessions!AF29),0)) -> 0 | CK25: =IF(Q25=0,0,IFERROR(N(Sessions!AM29),0)) -> 0 | CL25: =IF(R25=0,0,IFERROR(N(Sessions!AM29),0)) -> 0 | CM25: =IF(S25=0,0,IFERROR(N(Sessions!AM29),0)) -> 0 | CN25: =IF(T25=0,0,IFERROR(N(Sessions!AT29),0)) -> 0 | CO25: =IF(U25=0,0,IFERROR(N(Sessions!AT29),0)) -> 0 | CP25: =IF(V25=0,0,IFERROR(N(Sessions!AT29),0)) -> 0 | CQ25: =IF(W25=0,0,IFERROR(N(Sessions!BA29),0)) -> 0 | CR25: =IF(X25=0,0,IFERROR(N(Sessions!BA29),0)) -> 0 | CS25: =IF(Y25=0,0,IFERROR(N(Sessions!BA29),0)) -> 0 | CT25: =IF(Z25=0,0,IFERROR(N(Sessions!BH29),0)) -> 0 | CU25: =IF(AA25=0,0,IFERROR(N(Sessions!BH29),0)) -> 0 | CV25: =IF(AB25=0,0,IFERROR(N(Sessions!BH29),0)) -> 0 | CW25: =IF(AC25=0,0,IFERROR(N(Sessions!BO29),0)) -> 0 | CX25: =IF(AD25=0,0,IFERROR(N(Sessions!BO29),0)) -> 0 | CY25: =IF(AE25=0,0,IFERROR(N(Sessions!BO29),0)) -> 0 | CZ25: =IF(AF25=0,0,IFERROR(N(Sessions!BV29),0)) -> 0 | DA25: =IF(AG25=0,0,IFERROR(N(Sessions!BV29),0)) -> 0 | DB25: =IF(AH25=0,0,IFERROR(N(Sessions!BV29),0)) -> 0 | DC25: =IF(AI25=0,0,IFERROR(N(Sessions!CC29),0)) -> 0 | DD25: =IF(AJ25=0,0,IFERROR(N(Sessions!CC29),0)) -> 0 | DE25: =IF(AK25=0,0,IFERROR(N(Sessions!CC29),0)) -> 0 | DF25: =B25*100000+AL25 -> 500000 | DG25: =C25*100000+AM25 -> 0 | DH25: =D25*100000+AN25 -> 0 | DI25: =E25*100000+AO25 -> 0 | DJ25: =F25*100000+AP25 -> 0 | DK25: =G25*100000+AQ25 -> 0 | DL25: =H25*100000+AR25 -> 0 | DM25: =I25*100000+AS25 -> 0 | ... EO25: =AK25*100000+BU25 -> 0
A26: =Sessions!B31 -> Pendulum Squat | B26: =IFERROR(N(Sessions!E31),0) -> 5 | C26: =IFERROR(N(Sessions!G31),0) -> 0 | D26: =IFERROR(N(Sessions!I31),0) -> 0 | E26: =IFERROR(N(Sessions!L31),0) -> 0 | F26: =IFERROR(N(Sessions!N31),0) -> 0 | G26: =IFERROR(N(Sessions!P31),0) -> 0 | H26: =IFERROR(N(Sessions!S31),0) -> 0 | I26: =IFERROR(N(Sessions!U31),0) -> 0 | J26: =IFERROR(N(Sessions!W31),0) -> 0 | K26: =IFERROR(N(Sessions!Z31),0) -> 0 | L26: =IFERROR(N(Sessions!AB31),0) -> 0 | M26: =IFERROR(N(Sessions!AD31),0) -> 0 | N26: =IFERROR(N(Sessions!AG31),0) -> 0 | O26: =IFERROR(N(Sessions!AI31),0) -> 0 | P26: =IFERROR(N(Sessions!AK31),0) -> 0 | Q26: =IFERROR(N(Sessions!AN31),0) -> 0 | R26: =IFERROR(N(Sessions!AP31),0) -> 0 | S26: =IFERROR(N(Sessions!AR31),0) -> 0 | T26: =IFERROR(N(Sessions!AU31),0) -> 0 | U26: =IFERROR(N(Sessions!AW31),0) -> 0 | V26: =IFERROR(N(Sessions!AY31),0) -> 0 | W26: =IFERROR(N(Sessions!BB31),0) -> 0 | X26: =IFERROR(N(Sessions!BD31),0) -> 0 | Y26: =IFERROR(N(Sessions!BF31),0) -> 0 | Z26: =IFERROR(N(Sessions!BI31),0) -> 0 | AA26: =IFERROR(N(Sessions!BK31),0) -> 0 | AB26: =IFERROR(N(Sessions!BM31),0) -> 0 | AC26: =IFERROR(N(Sessions!BP31),0) -> 0 | AD26: =IFERROR(N(Sessions!BR31),0) -> 0 | AE26: =IFERROR(N(Sessions!BT31),0) -> 0 | AF26: =IFERROR(N(Sessions!BW31),0) -> 0 | AG26: =IFERROR(N(Sessions!BY31),0) -> 0 | AH26: =IFERROR(N(Sessions!CA31),0) -> 0 | AI26: =IFERROR(N(Sessions!CD31),0) -> 0 | AJ26: =IFERROR(N(Sessions!CF31),0) -> 0 | AK26: =IFERROR(N(Sessions!CH31),0) -> 0 | AL26: =IFERROR(N(Sessions!F31),0) -> 0 | AM26: =IFERROR(N(Sessions!H31),0) -> 0 | AN26: =IFERROR(N(Sessions!J31),0) -> 0 | AO26: =IFERROR(N(Sessions!M31),0) -> 0 | AP26: =IFERROR(N(Sessions!O31),0) -> 0 | AQ26: =IFERROR(N(Sessions!Q31),0) -> 0 | AR26: =IFERROR(N(Sessions!T31),0) -> 0 | AS26: =IFERROR(N(Sessions!V31),0) -> 0 | AT26: =IFERROR(N(Sessions!X31),0) -> 0 | AU26: =IFERROR(N(Sessions!AA31),0) -> 0 | AV26: =IFERROR(N(Sessions!AC31),0) -> 0 | AW26: =IFERROR(N(Sessions!AE31),0) -> 0 | AX26: =IFERROR(N(Sessions!AH31),0) -> 0 | AY26: =IFERROR(N(Sessions!AJ31),0) -> 0 | AZ26: =IFERROR(N(Sessions!AL31),0) -> 0 | BA26: =IFERROR(N(Sessions!AO31),0) -> 0 | BB26: =IFERROR(N(Sessions!AQ31),0) -> 0 | BC26: =IFERROR(N(Sessions!AS31),0) -> 0 | BD26: =IFERROR(N(Sessions!AV31),0) -> 0 | BE26: =IFERROR(N(Sessions!AX31),0) -> 0 | BF26: =IFERROR(N(Sessions!AZ31),0) -> 0 | BG26: =IFERROR(N(Sessions!BC31),0) -> 0 | BH26: =IFERROR(N(Sessions!BE31),0) -> 0 | BI26: =IFERROR(N(Sessions!BG31),0) -> 0 | BJ26: =IFERROR(N(Sessions!BJ31),0) -> 0 | BK26: =IFERROR(N(Sessions!BL31),0) -> 0 | BL26: =IFERROR(N(Sessions!BN31),0) -> 0 | BM26: =IFERROR(N(Sessions!BQ31),0) -> 0 | BN26: =IFERROR(N(Sessions!BS31),0) -> 0 | BO26: =IFERROR(N(Sessions!BU31),0) -> 0 | BP26: =IFERROR(N(Sessions!BX31),0) -> 0 | BQ26: =IFERROR(N(Sessions!BZ31),0) -> 0 | BR26: =IFERROR(N(Sessions!CB31),0) -> 0 | BS26: =IFERROR(N(Sessions!CE31),0) -> 0 | BT26: =IFERROR(N(Sessions!CG31),0) -> 0 | BU26: =IFERROR(N(Sessions!CI31),0) -> 0 | BV26: =IF(B26=0,0,IFERROR(N(Sessions!D31),0)) -> 0 | BW26: =IF(C26=0,0,IFERROR(N(Sessions!D31),0)) -> 0 | BX26: =IF(D26=0,0,IFERROR(N(Sessions!D31),0)) -> 0 | BY26: =IF(E26=0,0,IFERROR(N(Sessions!K31),0)) -> 0 | BZ26: =IF(F26=0,0,IFERROR(N(Sessions!K31),0)) -> 0 | CA26: =IF(G26=0,0,IFERROR(N(Sessions!K31),0)) -> 0 | CB26: =IF(H26=0,0,IFERROR(N(Sessions!R31),0)) -> 0 | CC26: =IF(I26=0,0,IFERROR(N(Sessions!R31),0)) -> 0 | CD26: =IF(J26=0,0,IFERROR(N(Sessions!R31),0)) -> 0 | CE26: =IF(K26=0,0,IFERROR(N(Sessions!Y31),0)) -> 0 | CF26: =IF(L26=0,0,IFERROR(N(Sessions!Y31),0)) -> 0 | CG26: =IF(M26=0,0,IFERROR(N(Sessions!Y31),0)) -> 0 | CH26: =IF(N26=0,0,IFERROR(N(Sessions!AF31),0)) -> 0 | CI26: =IF(O26=0,0,IFERROR(N(Sessions!AF31),0)) -> 0 | CJ26: =IF(P26=0,0,IFERROR(N(Sessions!AF31),0)) -> 0 | CK26: =IF(Q26=0,0,IFERROR(N(Sessions!AM31),0)) -> 0 | CL26: =IF(R26=0,0,IFERROR(N(Sessions!AM31),0)) -> 0 | CM26: =IF(S26=0,0,IFERROR(N(Sessions!AM31),0)) -> 0 | CN26: =IF(T26=0,0,IFERROR(N(Sessions!AT31),0)) -> 0 | CO26: =IF(U26=0,0,IFERROR(N(Sessions!AT31),0)) -> 0 | CP26: =IF(V26=0,0,IFERROR(N(Sessions!AT31),0)) -> 0 | CQ26: =IF(W26=0,0,IFERROR(N(Sessions!BA31),0)) -> 0 | CR26: =IF(X26=0,0,IFERROR(N(Sessions!BA31),0)) -> 0 | CS26: =IF(Y26=0,0,IFERROR(N(Sessions!BA31),0)) -> 0 | CT26: =IF(Z26=0,0,IFERROR(N(Sessions!BH31),0)) -> 0 | CU26: =IF(AA26=0,0,IFERROR(N(Sessions!BH31),0)) -> 0 | CV26: =IF(AB26=0,0,IFERROR(N(Sessions!BH31),0)) -> 0 | CW26: =IF(AC26=0,0,IFERROR(N(Sessions!BO31),0)) -> 0 | CX26: =IF(AD26=0,0,IFERROR(N(Sessions!BO31),0)) -> 0 | CY26: =IF(AE26=0,0,IFERROR(N(Sessions!BO31),0)) -> 0 | CZ26: =IF(AF26=0,0,IFERROR(N(Sessions!BV31),0)) -> 0 | DA26: =IF(AG26=0,0,IFERROR(N(Sessions!BV31),0)) -> 0 | DB26: =IF(AH26=0,0,IFERROR(N(Sessions!BV31),0)) -> 0 | DC26: =IF(AI26=0,0,IFERROR(N(Sessions!CC31),0)) -> 0 | DD26: =IF(AJ26=0,0,IFERROR(N(Sessions!CC31),0)) -> 0 | DE26: =IF(AK26=0,0,IFERROR(N(Sessions!CC31),0)) -> 0 | DF26: =B26*100000+AL26 -> 500000 | DG26: =C26*100000+AM26 -> 0 | DH26: =D26*100000+AN26 -> 0 | DI26: =E26*100000+AO26 -> 0 | DJ26: =F26*100000+AP26 -> 0 | DK26: =G26*100000+AQ26 -> 0 | DL26: =H26*100000+AR26 -> 0 | DM26: =I26*100000+AS26 -> 0 | ... EO26: =AK26*100000+BU26 -> 0
A27: =Sessions!B32 -> Split Leg Press | B27: =IFERROR(N(Sessions!E32),0) -> 30 | C27: =IFERROR(N(Sessions!G32),0) -> 0 | D27: =IFERROR(N(Sessions!I32),0) -> 0 | E27: =IFERROR(N(Sessions!L32),0) -> 0 | F27: =IFERROR(N(Sessions!N32),0) -> 0 | G27: =IFERROR(N(Sessions!P32),0) -> 0 | H27: =IFERROR(N(Sessions!S32),0) -> 0 | I27: =IFERROR(N(Sessions!U32),0) -> 0 | J27: =IFERROR(N(Sessions!W32),0) -> 0 | K27: =IFERROR(N(Sessions!Z32),0) -> 0 | L27: =IFERROR(N(Sessions!AB32),0) -> 0 | M27: =IFERROR(N(Sessions!AD32),0) -> 0 | N27: =IFERROR(N(Sessions!AG32),0) -> 0 | O27: =IFERROR(N(Sessions!AI32),0) -> 0 | P27: =IFERROR(N(Sessions!AK32),0) -> 0 | Q27: =IFERROR(N(Sessions!AN32),0) -> 0 | R27: =IFERROR(N(Sessions!AP32),0) -> 0 | S27: =IFERROR(N(Sessions!AR32),0) -> 0 | T27: =IFERROR(N(Sessions!AU32),0) -> 0 | U27: =IFERROR(N(Sessions!AW32),0) -> 0 | V27: =IFERROR(N(Sessions!AY32),0) -> 0 | W27: =IFERROR(N(Sessions!BB32),0) -> 0 | X27: =IFERROR(N(Sessions!BD32),0) -> 0 | Y27: =IFERROR(N(Sessions!BF32),0) -> 0 | Z27: =IFERROR(N(Sessions!BI32),0) -> 0 | AA27: =IFERROR(N(Sessions!BK32),0) -> 0 | AB27: =IFERROR(N(Sessions!BM32),0) -> 0 | AC27: =IFERROR(N(Sessions!BP32),0) -> 0 | AD27: =IFERROR(N(Sessions!BR32),0) -> 0 | AE27: =IFERROR(N(Sessions!BT32),0) -> 0 | AF27: =IFERROR(N(Sessions!BW32),0) -> 0 | AG27: =IFERROR(N(Sessions!BY32),0) -> 0 | AH27: =IFERROR(N(Sessions!CA32),0) -> 0 | AI27: =IFERROR(N(Sessions!CD32),0) -> 0 | AJ27: =IFERROR(N(Sessions!CF32),0) -> 0 | AK27: =IFERROR(N(Sessions!CH32),0) -> 0 | AL27: =IFERROR(N(Sessions!F32),0) -> 0 | AM27: =IFERROR(N(Sessions!H32),0) -> 0 | AN27: =IFERROR(N(Sessions!J32),0) -> 0 | AO27: =IFERROR(N(Sessions!M32),0) -> 0 | AP27: =IFERROR(N(Sessions!O32),0) -> 0 | AQ27: =IFERROR(N(Sessions!Q32),0) -> 0 | AR27: =IFERROR(N(Sessions!T32),0) -> 0 | AS27: =IFERROR(N(Sessions!V32),0) -> 0 | AT27: =IFERROR(N(Sessions!X32),0) -> 0 | AU27: =IFERROR(N(Sessions!AA32),0) -> 0 | AV27: =IFERROR(N(Sessions!AC32),0) -> 0 | AW27: =IFERROR(N(Sessions!AE32),0) -> 0 | AX27: =IFERROR(N(Sessions!AH32),0) -> 0 | AY27: =IFERROR(N(Sessions!AJ32),0) -> 0 | AZ27: =IFERROR(N(Sessions!AL32),0) -> 0 | BA27: =IFERROR(N(Sessions!AO32),0) -> 0 | BB27: =IFERROR(N(Sessions!AQ32),0) -> 0 | BC27: =IFERROR(N(Sessions!AS32),0) -> 0 | BD27: =IFERROR(N(Sessions!AV32),0) -> 0 | BE27: =IFERROR(N(Sessions!AX32),0) -> 0 | BF27: =IFERROR(N(Sessions!AZ32),0) -> 0 | BG27: =IFERROR(N(Sessions!BC32),0) -> 0 | BH27: =IFERROR(N(Sessions!BE32),0) -> 0 | BI27: =IFERROR(N(Sessions!BG32),0) -> 0 | BJ27: =IFERROR(N(Sessions!BJ32),0) -> 0 | BK27: =IFERROR(N(Sessions!BL32),0) -> 0 | BL27: =IFERROR(N(Sessions!BN32),0) -> 0 | BM27: =IFERROR(N(Sessions!BQ32),0) -> 0 | BN27: =IFERROR(N(Sessions!BS32),0) -> 0 | BO27: =IFERROR(N(Sessions!BU32),0) -> 0 | BP27: =IFERROR(N(Sessions!BX32),0) -> 0 | BQ27: =IFERROR(N(Sessions!BZ32),0) -> 0 | BR27: =IFERROR(N(Sessions!CB32),0) -> 0 | BS27: =IFERROR(N(Sessions!CE32),0) -> 0 | BT27: =IFERROR(N(Sessions!CG32),0) -> 0 | BU27: =IFERROR(N(Sessions!CI32),0) -> 0 | BV27: =IF(B27=0,0,IFERROR(N(Sessions!D32),0)) -> 0 | BW27: =IF(C27=0,0,IFERROR(N(Sessions!D32),0)) -> 0 | BX27: =IF(D27=0,0,IFERROR(N(Sessions!D32),0)) -> 0 | BY27: =IF(E27=0,0,IFERROR(N(Sessions!K32),0)) -> 0 | BZ27: =IF(F27=0,0,IFERROR(N(Sessions!K32),0)) -> 0 | CA27: =IF(G27=0,0,IFERROR(N(Sessions!K32),0)) -> 0 | CB27: =IF(H27=0,0,IFERROR(N(Sessions!R32),0)) -> 0 | CC27: =IF(I27=0,0,IFERROR(N(Sessions!R32),0)) -> 0 | CD27: =IF(J27=0,0,IFERROR(N(Sessions!R32),0)) -> 0 | CE27: =IF(K27=0,0,IFERROR(N(Sessions!Y32),0)) -> 0 | CF27: =IF(L27=0,0,IFERROR(N(Sessions!Y32),0)) -> 0 | CG27: =IF(M27=0,0,IFERROR(N(Sessions!Y32),0)) -> 0 | CH27: =IF(N27=0,0,IFERROR(N(Sessions!AF32),0)) -> 0 | CI27: =IF(O27=0,0,IFERROR(N(Sessions!AF32),0)) -> 0 | CJ27: =IF(P27=0,0,IFERROR(N(Sessions!AF32),0)) -> 0 | CK27: =IF(Q27=0,0,IFERROR(N(Sessions!AM32),0)) -> 0 | CL27: =IF(R27=0,0,IFERROR(N(Sessions!AM32),0)) -> 0 | CM27: =IF(S27=0,0,IFERROR(N(Sessions!AM32),0)) -> 0 | CN27: =IF(T27=0,0,IFERROR(N(Sessions!AT32),0)) -> 0 | CO27: =IF(U27=0,0,IFERROR(N(Sessions!AT32),0)) -> 0 | CP27: =IF(V27=0,0,IFERROR(N(Sessions!AT32),0)) -> 0 | CQ27: =IF(W27=0,0,IFERROR(N(Sessions!BA32),0)) -> 0 | CR27: =IF(X27=0,0,IFERROR(N(Sessions!BA32),0)) -> 0 | CS27: =IF(Y27=0,0,IFERROR(N(Sessions!BA32),0)) -> 0 | CT27: =IF(Z27=0,0,IFERROR(N(Sessions!BH32),0)) -> 0 | CU27: =IF(AA27=0,0,IFERROR(N(Sessions!BH32),0)) -> 0 | CV27: =IF(AB27=0,0,IFERROR(N(Sessions!BH32),0)) -> 0 | CW27: =IF(AC27=0,0,IFERROR(N(Sessions!BO32),0)) -> 0 | CX27: =IF(AD27=0,0,IFERROR(N(Sessions!BO32),0)) -> 0 | CY27: =IF(AE27=0,0,IFERROR(N(Sessions!BO32),0)) -> 0 | CZ27: =IF(AF27=0,0,IFERROR(N(Sessions!BV32),0)) -> 0 | DA27: =IF(AG27=0,0,IFERROR(N(Sessions!BV32),0)) -> 0 | DB27: =IF(AH27=0,0,IFERROR(N(Sessions!BV32),0)) -> 0 | DC27: =IF(AI27=0,0,IFERROR(N(Sessions!CC32),0)) -> 0 | DD27: =IF(AJ27=0,0,IFERROR(N(Sessions!CC32),0)) -> 0 | DE27: =IF(AK27=0,0,IFERROR(N(Sessions!CC32),0)) -> 0 | DF27: =B27*100000+AL27 -> 3000000 | DG27: =C27*100000+AM27 -> 0 | DH27: =D27*100000+AN27 -> 0 | DI27: =E27*100000+AO27 -> 0 | DJ27: =F27*100000+AP27 -> 0 | DK27: =G27*100000+AQ27 -> 0 | DL27: =H27*100000+AR27 -> 0 | DM27: =I27*100000+AS27 -> 0 | ... EO27: =AK27*100000+BU27 -> 0
A28: =Sessions!B33 -> Lying Hamstring Curl | B28: =IFERROR(N(Sessions!E33),0) -> 35 | C28: =IFERROR(N(Sessions!G33),0) -> 0 | D28: =IFERROR(N(Sessions!I33),0) -> 0 | E28: =IFERROR(N(Sessions!L33),0) -> 0 | F28: =IFERROR(N(Sessions!N33),0) -> 0 | G28: =IFERROR(N(Sessions!P33),0) -> 0 | H28: =IFERROR(N(Sessions!S33),0) -> 0 | I28: =IFERROR(N(Sessions!U33),0) -> 0 | J28: =IFERROR(N(Sessions!W33),0) -> 0 | K28: =IFERROR(N(Sessions!Z33),0) -> 0 | L28: =IFERROR(N(Sessions!AB33),0) -> 0 | M28: =IFERROR(N(Sessions!AD33),0) -> 0 | N28: =IFERROR(N(Sessions!AG33),0) -> 0 | O28: =IFERROR(N(Sessions!AI33),0) -> 0 | P28: =IFERROR(N(Sessions!AK33),0) -> 0 | Q28: =IFERROR(N(Sessions!AN33),0) -> 0 | R28: =IFERROR(N(Sessions!AP33),0) -> 0 | S28: =IFERROR(N(Sessions!AR33),0) -> 0 | T28: =IFERROR(N(Sessions!AU33),0) -> 0 | U28: =IFERROR(N(Sessions!AW33),0) -> 0 | V28: =IFERROR(N(Sessions!AY33),0) -> 0 | W28: =IFERROR(N(Sessions!BB33),0) -> 0 | X28: =IFERROR(N(Sessions!BD33),0) -> 0 | Y28: =IFERROR(N(Sessions!BF33),0) -> 0 | Z28: =IFERROR(N(Sessions!BI33),0) -> 0 | AA28: =IFERROR(N(Sessions!BK33),0) -> 0 | AB28: =IFERROR(N(Sessions!BM33),0) -> 0 | AC28: =IFERROR(N(Sessions!BP33),0) -> 0 | AD28: =IFERROR(N(Sessions!BR33),0) -> 0 | AE28: =IFERROR(N(Sessions!BT33),0) -> 0 | AF28: =IFERROR(N(Sessions!BW33),0) -> 0 | AG28: =IFERROR(N(Sessions!BY33),0) -> 0 | AH28: =IFERROR(N(Sessions!CA33),0) -> 0 | AI28: =IFERROR(N(Sessions!CD33),0) -> 0 | AJ28: =IFERROR(N(Sessions!CF33),0) -> 0 | AK28: =IFERROR(N(Sessions!CH33),0) -> 0 | AL28: =IFERROR(N(Sessions!F33),0) -> 0 | AM28: =IFERROR(N(Sessions!H33),0) -> 0 | AN28: =IFERROR(N(Sessions!J33),0) -> 0 | AO28: =IFERROR(N(Sessions!M33),0) -> 0 | AP28: =IFERROR(N(Sessions!O33),0) -> 0 | AQ28: =IFERROR(N(Sessions!Q33),0) -> 0 | AR28: =IFERROR(N(Sessions!T33),0) -> 0 | AS28: =IFERROR(N(Sessions!V33),0) -> 0 | AT28: =IFERROR(N(Sessions!X33),0) -> 0 | AU28: =IFERROR(N(Sessions!AA33),0) -> 0 | AV28: =IFERROR(N(Sessions!AC33),0) -> 0 | AW28: =IFERROR(N(Sessions!AE33),0) -> 0 | AX28: =IFERROR(N(Sessions!AH33),0) -> 0 | AY28: =IFERROR(N(Sessions!AJ33),0) -> 0 | AZ28: =IFERROR(N(Sessions!AL33),0) -> 0 | BA28: =IFERROR(N(Sessions!AO33),0) -> 0 | BB28: =IFERROR(N(Sessions!AQ33),0) -> 0 | BC28: =IFERROR(N(Sessions!AS33),0) -> 0 | BD28: =IFERROR(N(Sessions!AV33),0) -> 0 | BE28: =IFERROR(N(Sessions!AX33),0) -> 0 | BF28: =IFERROR(N(Sessions!AZ33),0) -> 0 | BG28: =IFERROR(N(Sessions!BC33),0) -> 0 | BH28: =IFERROR(N(Sessions!BE33),0) -> 0 | BI28: =IFERROR(N(Sessions!BG33),0) -> 0 | BJ28: =IFERROR(N(Sessions!BJ33),0) -> 0 | BK28: =IFERROR(N(Sessions!BL33),0) -> 0 | BL28: =IFERROR(N(Sessions!BN33),0) -> 0 | BM28: =IFERROR(N(Sessions!BQ33),0) -> 0 | BN28: =IFERROR(N(Sessions!BS33),0) -> 0 | BO28: =IFERROR(N(Sessions!BU33),0) -> 0 | BP28: =IFERROR(N(Sessions!BX33),0) -> 0 | BQ28: =IFERROR(N(Sessions!BZ33),0) -> 0 | BR28: =IFERROR(N(Sessions!CB33),0) -> 0 | BS28: =IFERROR(N(Sessions!CE33),0) -> 0 | BT28: =IFERROR(N(Sessions!CG33),0) -> 0 | BU28: =IFERROR(N(Sessions!CI33),0) -> 0 | BV28: =IF(B28=0,0,IFERROR(N(Sessions!D33),0)) -> 0 | BW28: =IF(C28=0,0,IFERROR(N(Sessions!D33),0)) -> 0 | BX28: =IF(D28=0,0,IFERROR(N(Sessions!D33),0)) -> 0 | BY28: =IF(E28=0,0,IFERROR(N(Sessions!K33),0)) -> 0 | BZ28: =IF(F28=0,0,IFERROR(N(Sessions!K33),0)) -> 0 | CA28: =IF(G28=0,0,IFERROR(N(Sessions!K33),0)) -> 0 | CB28: =IF(H28=0,0,IFERROR(N(Sessions!R33),0)) -> 0 | CC28: =IF(I28=0,0,IFERROR(N(Sessions!R33),0)) -> 0 | CD28: =IF(J28=0,0,IFERROR(N(Sessions!R33),0)) -> 0 | CE28: =IF(K28=0,0,IFERROR(N(Sessions!Y33),0)) -> 0 | CF28: =IF(L28=0,0,IFERROR(N(Sessions!Y33),0)) -> 0 | CG28: =IF(M28=0,0,IFERROR(N(Sessions!Y33),0)) -> 0 | CH28: =IF(N28=0,0,IFERROR(N(Sessions!AF33),0)) -> 0 | CI28: =IF(O28=0,0,IFERROR(N(Sessions!AF33),0)) -> 0 | CJ28: =IF(P28=0,0,IFERROR(N(Sessions!AF33),0)) -> 0 | CK28: =IF(Q28=0,0,IFERROR(N(Sessions!AM33),0)) -> 0 | CL28: =IF(R28=0,0,IFERROR(N(Sessions!AM33),0)) -> 0 | CM28: =IF(S28=0,0,IFERROR(N(Sessions!AM33),0)) -> 0 | CN28: =IF(T28=0,0,IFERROR(N(Sessions!AT33),0)) -> 0 | CO28: =IF(U28=0,0,IFERROR(N(Sessions!AT33),0)) -> 0 | CP28: =IF(V28=0,0,IFERROR(N(Sessions!AT33),0)) -> 0 | CQ28: =IF(W28=0,0,IFERROR(N(Sessions!BA33),0)) -> 0 | CR28: =IF(X28=0,0,IFERROR(N(Sessions!BA33),0)) -> 0 | CS28: =IF(Y28=0,0,IFERROR(N(Sessions!BA33),0)) -> 0 | CT28: =IF(Z28=0,0,IFERROR(N(Sessions!BH33),0)) -> 0 | CU28: =IF(AA28=0,0,IFERROR(N(Sessions!BH33),0)) -> 0 | CV28: =IF(AB28=0,0,IFERROR(N(Sessions!BH33),0)) -> 0 | CW28: =IF(AC28=0,0,IFERROR(N(Sessions!BO33),0)) -> 0 | CX28: =IF(AD28=0,0,IFERROR(N(Sessions!BO33),0)) -> 0 | CY28: =IF(AE28=0,0,IFERROR(N(Sessions!BO33),0)) -> 0 | CZ28: =IF(AF28=0,0,IFERROR(N(Sessions!BV33),0)) -> 0 | DA28: =IF(AG28=0,0,IFERROR(N(Sessions!BV33),0)) -> 0 | DB28: =IF(AH28=0,0,IFERROR(N(Sessions!BV33),0)) -> 0 | DC28: =IF(AI28=0,0,IFERROR(N(Sessions!CC33),0)) -> 0 | DD28: =IF(AJ28=0,0,IFERROR(N(Sessions!CC33),0)) -> 0 | DE28: =IF(AK28=0,0,IFERROR(N(Sessions!CC33),0)) -> 0 | DF28: =B28*100000+AL28 -> 3500000 | DG28: =C28*100000+AM28 -> 0 | DH28: =D28*100000+AN28 -> 0 | DI28: =E28*100000+AO28 -> 0 | DJ28: =F28*100000+AP28 -> 0 | DK28: =G28*100000+AQ28 -> 0 | DL28: =H28*100000+AR28 -> 0 | DM28: =I28*100000+AS28 -> 0 | ... EO28: =AK28*100000+BU28 -> 0
A29: =Sessions!B34 -> Leg Press | B29: =IFERROR(N(Sessions!E34),0) -> 80 | C29: =IFERROR(N(Sessions!G34),0) -> 0 | D29: =IFERROR(N(Sessions!I34),0) -> 0 | E29: =IFERROR(N(Sessions!L34),0) -> 0 | F29: =IFERROR(N(Sessions!N34),0) -> 0 | G29: =IFERROR(N(Sessions!P34),0) -> 0 | H29: =IFERROR(N(Sessions!S34),0) -> 0 | I29: =IFERROR(N(Sessions!U34),0) -> 0 | J29: =IFERROR(N(Sessions!W34),0) -> 0 | K29: =IFERROR(N(Sessions!Z34),0) -> 0 | L29: =IFERROR(N(Sessions!AB34),0) -> 0 | M29: =IFERROR(N(Sessions!AD34),0) -> 0 | N29: =IFERROR(N(Sessions!AG34),0) -> 0 | O29: =IFERROR(N(Sessions!AI34),0) -> 0 | P29: =IFERROR(N(Sessions!AK34),0) -> 0 | Q29: =IFERROR(N(Sessions!AN34),0) -> 0 | R29: =IFERROR(N(Sessions!AP34),0) -> 0 | S29: =IFERROR(N(Sessions!AR34),0) -> 0 | T29: =IFERROR(N(Sessions!AU34),0) -> 0 | U29: =IFERROR(N(Sessions!AW34),0) -> 0 | V29: =IFERROR(N(Sessions!AY34),0) -> 0 | W29: =IFERROR(N(Sessions!BB34),0) -> 0 | X29: =IFERROR(N(Sessions!BD34),0) -> 0 | Y29: =IFERROR(N(Sessions!BF34),0) -> 0 | Z29: =IFERROR(N(Sessions!BI34),0) -> 0 | AA29: =IFERROR(N(Sessions!BK34),0) -> 0 | AB29: =IFERROR(N(Sessions!BM34),0) -> 0 | AC29: =IFERROR(N(Sessions!BP34),0) -> 0 | AD29: =IFERROR(N(Sessions!BR34),0) -> 0 | AE29: =IFERROR(N(Sessions!BT34),0) -> 0 | AF29: =IFERROR(N(Sessions!BW34),0) -> 0 | AG29: =IFERROR(N(Sessions!BY34),0) -> 0 | AH29: =IFERROR(N(Sessions!CA34),0) -> 0 | AI29: =IFERROR(N(Sessions!CD34),0) -> 0 | AJ29: =IFERROR(N(Sessions!CF34),0) -> 0 | AK29: =IFERROR(N(Sessions!CH34),0) -> 0 | AL29: =IFERROR(N(Sessions!F34),0) -> 0 | AM29: =IFERROR(N(Sessions!H34),0) -> 0 | AN29: =IFERROR(N(Sessions!J34),0) -> 0 | AO29: =IFERROR(N(Sessions!M34),0) -> 0 | AP29: =IFERROR(N(Sessions!O34),0) -> 0 | AQ29: =IFERROR(N(Sessions!Q34),0) -> 0 | AR29: =IFERROR(N(Sessions!T34),0) -> 0 | AS29: =IFERROR(N(Sessions!V34),0) -> 0 | AT29: =IFERROR(N(Sessions!X34),0) -> 0 | AU29: =IFERROR(N(Sessions!AA34),0) -> 0 | AV29: =IFERROR(N(Sessions!AC34),0) -> 0 | AW29: =IFERROR(N(Sessions!AE34),0) -> 0 | AX29: =IFERROR(N(Sessions!AH34),0) -> 0 | AY29: =IFERROR(N(Sessions!AJ34),0) -> 0 | AZ29: =IFERROR(N(Sessions!AL34),0) -> 0 | BA29: =IFERROR(N(Sessions!AO34),0) -> 0 | BB29: =IFERROR(N(Sessions!AQ34),0) -> 0 | BC29: =IFERROR(N(Sessions!AS34),0) -> 0 | BD29: =IFERROR(N(Sessions!AV34),0) -> 0 | BE29: =IFERROR(N(Sessions!AX34),0) -> 0 | BF29: =IFERROR(N(Sessions!AZ34),0) -> 0 | BG29: =IFERROR(N(Sessions!BC34),0) -> 0 | BH29: =IFERROR(N(Sessions!BE34),0) -> 0 | BI29: =IFERROR(N(Sessions!BG34),0) -> 0 | BJ29: =IFERROR(N(Sessions!BJ34),0) -> 0 | BK29: =IFERROR(N(Sessions!BL34),0) -> 0 | BL29: =IFERROR(N(Sessions!BN34),0) -> 0 | BM29: =IFERROR(N(Sessions!BQ34),0) -> 0 | BN29: =IFERROR(N(Sessions!BS34),0) -> 0 | BO29: =IFERROR(N(Sessions!BU34),0) -> 0 | BP29: =IFERROR(N(Sessions!BX34),0) -> 0 | BQ29: =IFERROR(N(Sessions!BZ34),0) -> 0 | BR29: =IFERROR(N(Sessions!CB34),0) -> 0 | BS29: =IFERROR(N(Sessions!CE34),0) -> 0 | BT29: =IFERROR(N(Sessions!CG34),0) -> 0 | BU29: =IFERROR(N(Sessions!CI34),0) -> 0 | BV29: =IF(B29=0,0,IFERROR(N(Sessions!D34),0)) -> 0 | BW29: =IF(C29=0,0,IFERROR(N(Sessions!D34),0)) -> 0 | BX29: =IF(D29=0,0,IFERROR(N(Sessions!D34),0)) -> 0 | BY29: =IF(E29=0,0,IFERROR(N(Sessions!K34),0)) -> 0 | BZ29: =IF(F29=0,0,IFERROR(N(Sessions!K34),0)) -> 0 | CA29: =IF(G29=0,0,IFERROR(N(Sessions!K34),0)) -> 0 | CB29: =IF(H29=0,0,IFERROR(N(Sessions!R34),0)) -> 0 | CC29: =IF(I29=0,0,IFERROR(N(Sessions!R34),0)) -> 0 | CD29: =IF(J29=0,0,IFERROR(N(Sessions!R34),0)) -> 0 | CE29: =IF(K29=0,0,IFERROR(N(Sessions!Y34),0)) -> 0 | CF29: =IF(L29=0,0,IFERROR(N(Sessions!Y34),0)) -> 0 | CG29: =IF(M29=0,0,IFERROR(N(Sessions!Y34),0)) -> 0 | CH29: =IF(N29=0,0,IFERROR(N(Sessions!AF34),0)) -> 0 | CI29: =IF(O29=0,0,IFERROR(N(Sessions!AF34),0)) -> 0 | CJ29: =IF(P29=0,0,IFERROR(N(Sessions!AF34),0)) -> 0 | CK29: =IF(Q29=0,0,IFERROR(N(Sessions!AM34),0)) -> 0 | CL29: =IF(R29=0,0,IFERROR(N(Sessions!AM34),0)) -> 0 | CM29: =IF(S29=0,0,IFERROR(N(Sessions!AM34),0)) -> 0 | CN29: =IF(T29=0,0,IFERROR(N(Sessions!AT34),0)) -> 0 | CO29: =IF(U29=0,0,IFERROR(N(Sessions!AT34),0)) -> 0 | CP29: =IF(V29=0,0,IFERROR(N(Sessions!AT34),0)) -> 0 | CQ29: =IF(W29=0,0,IFERROR(N(Sessions!BA34),0)) -> 0 | CR29: =IF(X29=0,0,IFERROR(N(Sessions!BA34),0)) -> 0 | CS29: =IF(Y29=0,0,IFERROR(N(Sessions!BA34),0)) -> 0 | CT29: =IF(Z29=0,0,IFERROR(N(Sessions!BH34),0)) -> 0 | CU29: =IF(AA29=0,0,IFERROR(N(Sessions!BH34),0)) -> 0 | CV29: =IF(AB29=0,0,IFERROR(N(Sessions!BH34),0)) -> 0 | CW29: =IF(AC29=0,0,IFERROR(N(Sessions!BO34),0)) -> 0 | CX29: =IF(AD29=0,0,IFERROR(N(Sessions!BO34),0)) -> 0 | CY29: =IF(AE29=0,0,IFERROR(N(Sessions!BO34),0)) -> 0 | CZ29: =IF(AF29=0,0,IFERROR(N(Sessions!BV34),0)) -> 0 | DA29: =IF(AG29=0,0,IFERROR(N(Sessions!BV34),0)) -> 0 | DB29: =IF(AH29=0,0,IFERROR(N(Sessions!BV34),0)) -> 0 | DC29: =IF(AI29=0,0,IFERROR(N(Sessions!CC34),0)) -> 0 | DD29: =IF(AJ29=0,0,IFERROR(N(Sessions!CC34),0)) -> 0 | DE29: =IF(AK29=0,0,IFERROR(N(Sessions!CC34),0)) -> 0 | DF29: =B29*100000+AL29 -> 8000000 | DG29: =C29*100000+AM29 -> 0 | DH29: =D29*100000+AN29 -> 0 | DI29: =E29*100000+AO29 -> 0 | DJ29: =F29*100000+AP29 -> 0 | DK29: =G29*100000+AQ29 -> 0 | DL29: =H29*100000+AR29 -> 0 | DM29: =I29*100000+AS29 -> 0 | ... EO29: =AK29*100000+BU29 -> 0
A30: =Sessions!B35 -> Hanging Leg Raises | B30: =IFERROR(N(Sessions!E35),0) -> 0 | C30: =IFERROR(N(Sessions!G35),0) -> 0 | D30: =IFERROR(N(Sessions!I35),0) -> 0 | E30: =IFERROR(N(Sessions!L35),0) -> 0 | F30: =IFERROR(N(Sessions!N35),0) -> 0 | G30: =IFERROR(N(Sessions!P35),0) -> 0 | H30: =IFERROR(N(Sessions!S35),0) -> 0 | I30: =IFERROR(N(Sessions!U35),0) -> 0 | J30: =IFERROR(N(Sessions!W35),0) -> 0 | K30: =IFERROR(N(Sessions!Z35),0) -> 0 | L30: =IFERROR(N(Sessions!AB35),0) -> 0 | M30: =IFERROR(N(Sessions!AD35),0) -> 0 | N30: =IFERROR(N(Sessions!AG35),0) -> 0 | O30: =IFERROR(N(Sessions!AI35),0) -> 0 | P30: =IFERROR(N(Sessions!AK35),0) -> 0 | Q30: =IFERROR(N(Sessions!AN35),0) -> 0 | R30: =IFERROR(N(Sessions!AP35),0) -> 0 | S30: =IFERROR(N(Sessions!AR35),0) -> 0 | T30: =IFERROR(N(Sessions!AU35),0) -> 0 | U30: =IFERROR(N(Sessions!AW35),0) -> 0 | V30: =IFERROR(N(Sessions!AY35),0) -> 0 | W30: =IFERROR(N(Sessions!BB35),0) -> 0 | X30: =IFERROR(N(Sessions!BD35),0) -> 0 | Y30: =IFERROR(N(Sessions!BF35),0) -> 0 | Z30: =IFERROR(N(Sessions!BI35),0) -> 0 | AA30: =IFERROR(N(Sessions!BK35),0) -> 0 | AB30: =IFERROR(N(Sessions!BM35),0) -> 0 | AC30: =IFERROR(N(Sessions!BP35),0) -> 0 | AD30: =IFERROR(N(Sessions!BR35),0) -> 0 | AE30: =IFERROR(N(Sessions!BT35),0) -> 0 | AF30: =IFERROR(N(Sessions!BW35),0) -> 0 | AG30: =IFERROR(N(Sessions!BY35),0) -> 0 | AH30: =IFERROR(N(Sessions!CA35),0) -> 0 | AI30: =IFERROR(N(Sessions!CD35),0) -> 0 | AJ30: =IFERROR(N(Sessions!CF35),0) -> 0 | AK30: =IFERROR(N(Sessions!CH35),0) -> 0 | AL30: =IFERROR(N(Sessions!F35),0) -> 0 | AM30: =IFERROR(N(Sessions!H35),0) -> 0 | AN30: =IFERROR(N(Sessions!J35),0) -> 0 | AO30: =IFERROR(N(Sessions!M35),0) -> 0 | AP30: =IFERROR(N(Sessions!O35),0) -> 0 | AQ30: =IFERROR(N(Sessions!Q35),0) -> 0 | AR30: =IFERROR(N(Sessions!T35),0) -> 0 | AS30: =IFERROR(N(Sessions!V35),0) -> 0 | AT30: =IFERROR(N(Sessions!X35),0) -> 0 | AU30: =IFERROR(N(Sessions!AA35),0) -> 0 | AV30: =IFERROR(N(Sessions!AC35),0) -> 0 | AW30: =IFERROR(N(Sessions!AE35),0) -> 0 | AX30: =IFERROR(N(Sessions!AH35),0) -> 0 | AY30: =IFERROR(N(Sessions!AJ35),0) -> 0 | AZ30: =IFERROR(N(Sessions!AL35),0) -> 0 | BA30: =IFERROR(N(Sessions!AO35),0) -> 0 | BB30: =IFERROR(N(Sessions!AQ35),0) -> 0 | BC30: =IFERROR(N(Sessions!AS35),0) -> 0 | BD30: =IFERROR(N(Sessions!AV35),0) -> 0 | BE30: =IFERROR(N(Sessions!AX35),0) -> 0 | BF30: =IFERROR(N(Sessions!AZ35),0) -> 0 | BG30: =IFERROR(N(Sessions!BC35),0) -> 0 | BH30: =IFERROR(N(Sessions!BE35),0) -> 0 | BI30: =IFERROR(N(Sessions!BG35),0) -> 0 | BJ30: =IFERROR(N(Sessions!BJ35),0) -> 0 | BK30: =IFERROR(N(Sessions!BL35),0) -> 0 | BL30: =IFERROR(N(Sessions!BN35),0) -> 0 | BM30: =IFERROR(N(Sessions!BQ35),0) -> 0 | BN30: =IFERROR(N(Sessions!BS35),0) -> 0 | BO30: =IFERROR(N(Sessions!BU35),0) -> 0 | BP30: =IFERROR(N(Sessions!BX35),0) -> 0 | BQ30: =IFERROR(N(Sessions!BZ35),0) -> 0 | BR30: =IFERROR(N(Sessions!CB35),0) -> 0 | BS30: =IFERROR(N(Sessions!CE35),0) -> 0 | BT30: =IFERROR(N(Sessions!CG35),0) -> 0 | BU30: =IFERROR(N(Sessions!CI35),0) -> 0 | BV30: =IF(B30=0,0,IFERROR(N(Sessions!D35),0)) -> 0 | BW30: =IF(C30=0,0,IFERROR(N(Sessions!D35),0)) -> 0 | BX30: =IF(D30=0,0,IFERROR(N(Sessions!D35),0)) -> 0 | BY30: =IF(E30=0,0,IFERROR(N(Sessions!K35),0)) -> 0 | BZ30: =IF(F30=0,0,IFERROR(N(Sessions!K35),0)) -> 0 | CA30: =IF(G30=0,0,IFERROR(N(Sessions!K35),0)) -> 0 | CB30: =IF(H30=0,0,IFERROR(N(Sessions!R35),0)) -> 0 | CC30: =IF(I30=0,0,IFERROR(N(Sessions!R35),0)) -> 0 | CD30: =IF(J30=0,0,IFERROR(N(Sessions!R35),0)) -> 0 | CE30: =IF(K30=0,0,IFERROR(N(Sessions!Y35),0)) -> 0 | CF30: =IF(L30=0,0,IFERROR(N(Sessions!Y35),0)) -> 0 | CG30: =IF(M30=0,0,IFERROR(N(Sessions!Y35),0)) -> 0 | CH30: =IF(N30=0,0,IFERROR(N(Sessions!AF35),0)) -> 0 | CI30: =IF(O30=0,0,IFERROR(N(Sessions!AF35),0)) -> 0 | CJ30: =IF(P30=0,0,IFERROR(N(Sessions!AF35),0)) -> 0 | CK30: =IF(Q30=0,0,IFERROR(N(Sessions!AM35),0)) -> 0 | CL30: =IF(R30=0,0,IFERROR(N(Sessions!AM35),0)) -> 0 | CM30: =IF(S30=0,0,IFERROR(N(Sessions!AM35),0)) -> 0 | CN30: =IF(T30=0,0,IFERROR(N(Sessions!AT35),0)) -> 0 | CO30: =IF(U30=0,0,IFERROR(N(Sessions!AT35),0)) -> 0 | CP30: =IF(V30=0,0,IFERROR(N(Sessions!AT35),0)) -> 0 | CQ30: =IF(W30=0,0,IFERROR(N(Sessions!BA35),0)) -> 0 | CR30: =IF(X30=0,0,IFERROR(N(Sessions!BA35),0)) -> 0 | CS30: =IF(Y30=0,0,IFERROR(N(Sessions!BA35),0)) -> 0 | CT30: =IF(Z30=0,0,IFERROR(N(Sessions!BH35),0)) -> 0 | CU30: =IF(AA30=0,0,IFERROR(N(Sessions!BH35),0)) -> 0 | CV30: =IF(AB30=0,0,IFERROR(N(Sessions!BH35),0)) -> 0 | CW30: =IF(AC30=0,0,IFERROR(N(Sessions!BO35),0)) -> 0 | CX30: =IF(AD30=0,0,IFERROR(N(Sessions!BO35),0)) -> 0 | CY30: =IF(AE30=0,0,IFERROR(N(Sessions!BO35),0)) -> 0 | CZ30: =IF(AF30=0,0,IFERROR(N(Sessions!BV35),0)) -> 0 | DA30: =IF(AG30=0,0,IFERROR(N(Sessions!BV35),0)) -> 0 | DB30: =IF(AH30=0,0,IFERROR(N(Sessions!BV35),0)) -> 0 | DC30: =IF(AI30=0,0,IFERROR(N(Sessions!CC35),0)) -> 0 | DD30: =IF(AJ30=0,0,IFERROR(N(Sessions!CC35),0)) -> 0 | DE30: =IF(AK30=0,0,IFERROR(N(Sessions!CC35),0)) -> 0 | DF30: =B30*100000+AL30 -> 0 | DG30: =C30*100000+AM30 -> 0 | DH30: =D30*100000+AN30 -> 0 | DI30: =E30*100000+AO30 -> 0 | DJ30: =F30*100000+AP30 -> 0 | DK30: =G30*100000+AQ30 -> 0 | DL30: =H30*100000+AR30 -> 0 | DM30: =I30*100000+AS30 -> 0 | ... EO30: =AK30*100000+BU30 -> 0
A31: =Sessions!B36 -> Single Leg Slant Board Calf Raise | B31: =IFERROR(N(Sessions!E36),0) -> 0 | C31: =IFERROR(N(Sessions!G36),0) -> 0 | D31: =IFERROR(N(Sessions!I36),0) -> 0 | E31: =IFERROR(N(Sessions!L36),0) -> 0 | F31: =IFERROR(N(Sessions!N36),0) -> 0 | G31: =IFERROR(N(Sessions!P36),0) -> 0 | H31: =IFERROR(N(Sessions!S36),0) -> 0 | I31: =IFERROR(N(Sessions!U36),0) -> 0 | J31: =IFERROR(N(Sessions!W36),0) -> 0 | K31: =IFERROR(N(Sessions!Z36),0) -> 0 | L31: =IFERROR(N(Sessions!AB36),0) -> 0 | M31: =IFERROR(N(Sessions!AD36),0) -> 0 | N31: =IFERROR(N(Sessions!AG36),0) -> 0 | O31: =IFERROR(N(Sessions!AI36),0) -> 0 | P31: =IFERROR(N(Sessions!AK36),0) -> 0 | Q31: =IFERROR(N(Sessions!AN36),0) -> 0 | R31: =IFERROR(N(Sessions!AP36),0) -> 0 | S31: =IFERROR(N(Sessions!AR36),0) -> 0 | T31: =IFERROR(N(Sessions!AU36),0) -> 0 | U31: =IFERROR(N(Sessions!AW36),0) -> 0 | V31: =IFERROR(N(Sessions!AY36),0) -> 0 | W31: =IFERROR(N(Sessions!BB36),0) -> 0 | X31: =IFERROR(N(Sessions!BD36),0) -> 0 | Y31: =IFERROR(N(Sessions!BF36),0) -> 0 | Z31: =IFERROR(N(Sessions!BI36),0) -> 0 | AA31: =IFERROR(N(Sessions!BK36),0) -> 0 | AB31: =IFERROR(N(Sessions!BM36),0) -> 0 | AC31: =IFERROR(N(Sessions!BP36),0) -> 0 | AD31: =IFERROR(N(Sessions!BR36),0) -> 0 | AE31: =IFERROR(N(Sessions!BT36),0) -> 0 | AF31: =IFERROR(N(Sessions!BW36),0) -> 0 | AG31: =IFERROR(N(Sessions!BY36),0) -> 0 | AH31: =IFERROR(N(Sessions!CA36),0) -> 0 | AI31: =IFERROR(N(Sessions!CD36),0) -> 0 | AJ31: =IFERROR(N(Sessions!CF36),0) -> 0 | AK31: =IFERROR(N(Sessions!CH36),0) -> 0 | AL31: =IFERROR(N(Sessions!F36),0) -> 0 | AM31: =IFERROR(N(Sessions!H36),0) -> 0 | AN31: =IFERROR(N(Sessions!J36),0) -> 0 | AO31: =IFERROR(N(Sessions!M36),0) -> 0 | AP31: =IFERROR(N(Sessions!O36),0) -> 0 | AQ31: =IFERROR(N(Sessions!Q36),0) -> 0 | AR31: =IFERROR(N(Sessions!T36),0) -> 0 | AS31: =IFERROR(N(Sessions!V36),0) -> 0 | AT31: =IFERROR(N(Sessions!X36),0) -> 0 | AU31: =IFERROR(N(Sessions!AA36),0) -> 0 | AV31: =IFERROR(N(Sessions!AC36),0) -> 0 | AW31: =IFERROR(N(Sessions!AE36),0) -> 0 | AX31: =IFERROR(N(Sessions!AH36),0) -> 0 | AY31: =IFERROR(N(Sessions!AJ36),0) -> 0 | AZ31: =IFERROR(N(Sessions!AL36),0) -> 0 | BA31: =IFERROR(N(Sessions!AO36),0) -> 0 | BB31: =IFERROR(N(Sessions!AQ36),0) -> 0 | BC31: =IFERROR(N(Sessions!AS36),0) -> 0 | BD31: =IFERROR(N(Sessions!AV36),0) -> 0 | BE31: =IFERROR(N(Sessions!AX36),0) -> 0 | BF31: =IFERROR(N(Sessions!AZ36),0) -> 0 | BG31: =IFERROR(N(Sessions!BC36),0) -> 0 | BH31: =IFERROR(N(Sessions!BE36),0) -> 0 | BI31: =IFERROR(N(Sessions!BG36),0) -> 0 | BJ31: =IFERROR(N(Sessions!BJ36),0) -> 0 | BK31: =IFERROR(N(Sessions!BL36),0) -> 0 | BL31: =IFERROR(N(Sessions!BN36),0) -> 0 | BM31: =IFERROR(N(Sessions!BQ36),0) -> 0 | BN31: =IFERROR(N(Sessions!BS36),0) -> 0 | BO31: =IFERROR(N(Sessions!BU36),0) -> 0 | BP31: =IFERROR(N(Sessions!BX36),0) -> 0 | BQ31: =IFERROR(N(Sessions!BZ36),0) -> 0 | BR31: =IFERROR(N(Sessions!CB36),0) -> 0 | BS31: =IFERROR(N(Sessions!CE36),0) -> 0 | BT31: =IFERROR(N(Sessions!CG36),0) -> 0 | BU31: =IFERROR(N(Sessions!CI36),0) -> 0 | BV31: =IF(B31=0,0,IFERROR(N(Sessions!D36),0)) -> 0 | BW31: =IF(C31=0,0,IFERROR(N(Sessions!D36),0)) -> 0 | BX31: =IF(D31=0,0,IFERROR(N(Sessions!D36),0)) -> 0 | BY31: =IF(E31=0,0,IFERROR(N(Sessions!K36),0)) -> 0 | BZ31: =IF(F31=0,0,IFERROR(N(Sessions!K36),0)) -> 0 | CA31: =IF(G31=0,0,IFERROR(N(Sessions!K36),0)) -> 0 | CB31: =IF(H31=0,0,IFERROR(N(Sessions!R36),0)) -> 0 | CC31: =IF(I31=0,0,IFERROR(N(Sessions!R36),0)) -> 0 | CD31: =IF(J31=0,0,IFERROR(N(Sessions!R36),0)) -> 0 | CE31: =IF(K31=0,0,IFERROR(N(Sessions!Y36),0)) -> 0 | CF31: =IF(L31=0,0,IFERROR(N(Sessions!Y36),0)) -> 0 | CG31: =IF(M31=0,0,IFERROR(N(Sessions!Y36),0)) -> 0 | CH31: =IF(N31=0,0,IFERROR(N(Sessions!AF36),0)) -> 0 | CI31: =IF(O31=0,0,IFERROR(N(Sessions!AF36),0)) -> 0 | CJ31: =IF(P31=0,0,IFERROR(N(Sessions!AF36),0)) -> 0 | CK31: =IF(Q31=0,0,IFERROR(N(Sessions!AM36),0)) -> 0 | CL31: =IF(R31=0,0,IFERROR(N(Sessions!AM36),0)) -> 0 | CM31: =IF(S31=0,0,IFERROR(N(Sessions!AM36),0)) -> 0 | CN31: =IF(T31=0,0,IFERROR(N(Sessions!AT36),0)) -> 0 | CO31: =IF(U31=0,0,IFERROR(N(Sessions!AT36),0)) -> 0 | CP31: =IF(V31=0,0,IFERROR(N(Sessions!AT36),0)) -> 0 | CQ31: =IF(W31=0,0,IFERROR(N(Sessions!BA36),0)) -> 0 | CR31: =IF(X31=0,0,IFERROR(N(Sessions!BA36),0)) -> 0 | CS31: =IF(Y31=0,0,IFERROR(N(Sessions!BA36),0)) -> 0 | CT31: =IF(Z31=0,0,IFERROR(N(Sessions!BH36),0)) -> 0 | CU31: =IF(AA31=0,0,IFERROR(N(Sessions!BH36),0)) -> 0 | CV31: =IF(AB31=0,0,IFERROR(N(Sessions!BH36),0)) -> 0 | CW31: =IF(AC31=0,0,IFERROR(N(Sessions!BO36),0)) -> 0 | CX31: =IF(AD31=0,0,IFERROR(N(Sessions!BO36),0)) -> 0 | CY31: =IF(AE31=0,0,IFERROR(N(Sessions!BO36),0)) -> 0 | CZ31: =IF(AF31=0,0,IFERROR(N(Sessions!BV36),0)) -> 0 | DA31: =IF(AG31=0,0,IFERROR(N(Sessions!BV36),0)) -> 0 | DB31: =IF(AH31=0,0,IFERROR(N(Sessions!BV36),0)) -> 0 | DC31: =IF(AI31=0,0,IFERROR(N(Sessions!CC36),0)) -> 0 | DD31: =IF(AJ31=0,0,IFERROR(N(Sessions!CC36),0)) -> 0 | DE31: =IF(AK31=0,0,IFERROR(N(Sessions!CC36),0)) -> 0 | DF31: =B31*100000+AL31 -> 0 | DG31: =C31*100000+AM31 -> 0 | DH31: =D31*100000+AN31 -> 0 | DI31: =E31*100000+AO31 -> 0 | DJ31: =F31*100000+AP31 -> 0 | DK31: =G31*100000+AQ31 -> 0 | DL31: =H31*100000+AR31 -> 0 | DM31: =I31*100000+AS31 -> 0 | ... EO31: =AK31*100000+BU31 -> 0
A32: =Sessions!B38 -> Barbell Deadlift | B32: =IFERROR(N(Sessions!E38),0) -> 30 | C32: =IFERROR(N(Sessions!G38),0) -> 0 | D32: =IFERROR(N(Sessions!I38),0) -> 0 | E32: =IFERROR(N(Sessions!L38),0) -> 0 | F32: =IFERROR(N(Sessions!N38),0) -> 0 | G32: =IFERROR(N(Sessions!P38),0) -> 0 | H32: =IFERROR(N(Sessions!S38),0) -> 0 | I32: =IFERROR(N(Sessions!U38),0) -> 0 | J32: =IFERROR(N(Sessions!W38),0) -> 0 | K32: =IFERROR(N(Sessions!Z38),0) -> 0 | L32: =IFERROR(N(Sessions!AB38),0) -> 0 | M32: =IFERROR(N(Sessions!AD38),0) -> 0 | N32: =IFERROR(N(Sessions!AG38),0) -> 0 | O32: =IFERROR(N(Sessions!AI38),0) -> 0 | P32: =IFERROR(N(Sessions!AK38),0) -> 0 | Q32: =IFERROR(N(Sessions!AN38),0) -> 0 | R32: =IFERROR(N(Sessions!AP38),0) -> 0 | S32: =IFERROR(N(Sessions!AR38),0) -> 0 | T32: =IFERROR(N(Sessions!AU38),0) -> 0 | U32: =IFERROR(N(Sessions!AW38),0) -> 0 | V32: =IFERROR(N(Sessions!AY38),0) -> 0 | W32: =IFERROR(N(Sessions!BB38),0) -> 0 | X32: =IFERROR(N(Sessions!BD38),0) -> 0 | Y32: =IFERROR(N(Sessions!BF38),0) -> 0 | Z32: =IFERROR(N(Sessions!BI38),0) -> 0 | AA32: =IFERROR(N(Sessions!BK38),0) -> 0 | AB32: =IFERROR(N(Sessions!BM38),0) -> 0 | AC32: =IFERROR(N(Sessions!BP38),0) -> 0 | AD32: =IFERROR(N(Sessions!BR38),0) -> 0 | AE32: =IFERROR(N(Sessions!BT38),0) -> 0 | AF32: =IFERROR(N(Sessions!BW38),0) -> 0 | AG32: =IFERROR(N(Sessions!BY38),0) -> 0 | AH32: =IFERROR(N(Sessions!CA38),0) -> 0 | AI32: =IFERROR(N(Sessions!CD38),0) -> 0 | AJ32: =IFERROR(N(Sessions!CF38),0) -> 0 | AK32: =IFERROR(N(Sessions!CH38),0) -> 0 | AL32: =IFERROR(N(Sessions!F38),0) -> 0 | AM32: =IFERROR(N(Sessions!H38),0) -> 0 | AN32: =IFERROR(N(Sessions!J38),0) -> 0 | AO32: =IFERROR(N(Sessions!M38),0) -> 0 | AP32: =IFERROR(N(Sessions!O38),0) -> 0 | AQ32: =IFERROR(N(Sessions!Q38),0) -> 0 | AR32: =IFERROR(N(Sessions!T38),0) -> 0 | AS32: =IFERROR(N(Sessions!V38),0) -> 0 | AT32: =IFERROR(N(Sessions!X38),0) -> 0 | AU32: =IFERROR(N(Sessions!AA38),0) -> 0 | AV32: =IFERROR(N(Sessions!AC38),0) -> 0 | AW32: =IFERROR(N(Sessions!AE38),0) -> 0 | AX32: =IFERROR(N(Sessions!AH38),0) -> 0 | AY32: =IFERROR(N(Sessions!AJ38),0) -> 0 | AZ32: =IFERROR(N(Sessions!AL38),0) -> 0 | BA32: =IFERROR(N(Sessions!AO38),0) -> 0 | BB32: =IFERROR(N(Sessions!AQ38),0) -> 0 | BC32: =IFERROR(N(Sessions!AS38),0) -> 0 | BD32: =IFERROR(N(Sessions!AV38),0) -> 0 | BE32: =IFERROR(N(Sessions!AX38),0) -> 0 | BF32: =IFERROR(N(Sessions!AZ38),0) -> 0 | BG32: =IFERROR(N(Sessions!BC38),0) -> 0 | BH32: =IFERROR(N(Sessions!BE38),0) -> 0 | BI32: =IFERROR(N(Sessions!BG38),0) -> 0 | BJ32: =IFERROR(N(Sessions!BJ38),0) -> 0 | BK32: =IFERROR(N(Sessions!BL38),0) -> 0 | BL32: =IFERROR(N(Sessions!BN38),0) -> 0 | BM32: =IFERROR(N(Sessions!BQ38),0) -> 0 | BN32: =IFERROR(N(Sessions!BS38),0) -> 0 | BO32: =IFERROR(N(Sessions!BU38),0) -> 0 | BP32: =IFERROR(N(Sessions!BX38),0) -> 0 | BQ32: =IFERROR(N(Sessions!BZ38),0) -> 0 | BR32: =IFERROR(N(Sessions!CB38),0) -> 0 | BS32: =IFERROR(N(Sessions!CE38),0) -> 0 | BT32: =IFERROR(N(Sessions!CG38),0) -> 0 | BU32: =IFERROR(N(Sessions!CI38),0) -> 0 | BV32: =IF(B32=0,0,IFERROR(N(Sessions!D38),0)) -> 0 | BW32: =IF(C32=0,0,IFERROR(N(Sessions!D38),0)) -> 0 | BX32: =IF(D32=0,0,IFERROR(N(Sessions!D38),0)) -> 0 | BY32: =IF(E32=0,0,IFERROR(N(Sessions!K38),0)) -> 0 | BZ32: =IF(F32=0,0,IFERROR(N(Sessions!K38),0)) -> 0 | CA32: =IF(G32=0,0,IFERROR(N(Sessions!K38),0)) -> 0 | CB32: =IF(H32=0,0,IFERROR(N(Sessions!R38),0)) -> 0 | CC32: =IF(I32=0,0,IFERROR(N(Sessions!R38),0)) -> 0 | CD32: =IF(J32=0,0,IFERROR(N(Sessions!R38),0)) -> 0 | CE32: =IF(K32=0,0,IFERROR(N(Sessions!Y38),0)) -> 0 | CF32: =IF(L32=0,0,IFERROR(N(Sessions!Y38),0)) -> 0 | CG32: =IF(M32=0,0,IFERROR(N(Sessions!Y38),0)) -> 0 | CH32: =IF(N32=0,0,IFERROR(N(Sessions!AF38),0)) -> 0 | CI32: =IF(O32=0,0,IFERROR(N(Sessions!AF38),0)) -> 0 | CJ32: =IF(P32=0,0,IFERROR(N(Sessions!AF38),0)) -> 0 | CK32: =IF(Q32=0,0,IFERROR(N(Sessions!AM38),0)) -> 0 | CL32: =IF(R32=0,0,IFERROR(N(Sessions!AM38),0)) -> 0 | CM32: =IF(S32=0,0,IFERROR(N(Sessions!AM38),0)) -> 0 | CN32: =IF(T32=0,0,IFERROR(N(Sessions!AT38),0)) -> 0 | CO32: =IF(U32=0,0,IFERROR(N(Sessions!AT38),0)) -> 0 | CP32: =IF(V32=0,0,IFERROR(N(Sessions!AT38),0)) -> 0 | CQ32: =IF(W32=0,0,IFERROR(N(Sessions!BA38),0)) -> 0 | CR32: =IF(X32=0,0,IFERROR(N(Sessions!BA38),0)) -> 0 | CS32: =IF(Y32=0,0,IFERROR(N(Sessions!BA38),0)) -> 0 | CT32: =IF(Z32=0,0,IFERROR(N(Sessions!BH38),0)) -> 0 | CU32: =IF(AA32=0,0,IFERROR(N(Sessions!BH38),0)) -> 0 | CV32: =IF(AB32=0,0,IFERROR(N(Sessions!BH38),0)) -> 0 | CW32: =IF(AC32=0,0,IFERROR(N(Sessions!BO38),0)) -> 0 | CX32: =IF(AD32=0,0,IFERROR(N(Sessions!BO38),0)) -> 0 | CY32: =IF(AE32=0,0,IFERROR(N(Sessions!BO38),0)) -> 0 | CZ32: =IF(AF32=0,0,IFERROR(N(Sessions!BV38),0)) -> 0 | DA32: =IF(AG32=0,0,IFERROR(N(Sessions!BV38),0)) -> 0 | DB32: =IF(AH32=0,0,IFERROR(N(Sessions!BV38),0)) -> 0 | DC32: =IF(AI32=0,0,IFERROR(N(Sessions!CC38),0)) -> 0 | DD32: =IF(AJ32=0,0,IFERROR(N(Sessions!CC38),0)) -> 0 | DE32: =IF(AK32=0,0,IFERROR(N(Sessions!CC38),0)) -> 0 | DF32: =B32*100000+AL32 -> 3000000 | DG32: =C32*100000+AM32 -> 0 | DH32: =D32*100000+AN32 -> 0 | DI32: =E32*100000+AO32 -> 0 | DJ32: =F32*100000+AP32 -> 0 | DK32: =G32*100000+AQ32 -> 0 | DL32: =H32*100000+AR32 -> 0 | DM32: =I32*100000+AS32 -> 0 | ... EO32: =AK32*100000+BU32 -> 0
A33: =Sessions!B39 -> Lying Single Leg Hamgstring Curl | B33: =IFERROR(N(Sessions!E39),0) -> 20 | C33: =IFERROR(N(Sessions!G39),0) -> 0 | D33: =IFERROR(N(Sessions!I39),0) -> 0 | E33: =IFERROR(N(Sessions!L39),0) -> 0 | F33: =IFERROR(N(Sessions!N39),0) -> 0 | G33: =IFERROR(N(Sessions!P39),0) -> 0 | H33: =IFERROR(N(Sessions!S39),0) -> 0 | I33: =IFERROR(N(Sessions!U39),0) -> 0 | J33: =IFERROR(N(Sessions!W39),0) -> 0 | K33: =IFERROR(N(Sessions!Z39),0) -> 0 | L33: =IFERROR(N(Sessions!AB39),0) -> 0 | M33: =IFERROR(N(Sessions!AD39),0) -> 0 | N33: =IFERROR(N(Sessions!AG39),0) -> 0 | O33: =IFERROR(N(Sessions!AI39),0) -> 0 | P33: =IFERROR(N(Sessions!AK39),0) -> 0 | Q33: =IFERROR(N(Sessions!AN39),0) -> 0 | R33: =IFERROR(N(Sessions!AP39),0) -> 0 | S33: =IFERROR(N(Sessions!AR39),0) -> 0 | T33: =IFERROR(N(Sessions!AU39),0) -> 0 | U33: =IFERROR(N(Sessions!AW39),0) -> 0 | V33: =IFERROR(N(Sessions!AY39),0) -> 0 | W33: =IFERROR(N(Sessions!BB39),0) -> 0 | X33: =IFERROR(N(Sessions!BD39),0) -> 0 | Y33: =IFERROR(N(Sessions!BF39),0) -> 0 | Z33: =IFERROR(N(Sessions!BI39),0) -> 0 | AA33: =IFERROR(N(Sessions!BK39),0) -> 0 | AB33: =IFERROR(N(Sessions!BM39),0) -> 0 | AC33: =IFERROR(N(Sessions!BP39),0) -> 0 | AD33: =IFERROR(N(Sessions!BR39),0) -> 0 | AE33: =IFERROR(N(Sessions!BT39),0) -> 0 | AF33: =IFERROR(N(Sessions!BW39),0) -> 0 | AG33: =IFERROR(N(Sessions!BY39),0) -> 0 | AH33: =IFERROR(N(Sessions!CA39),0) -> 0 | AI33: =IFERROR(N(Sessions!CD39),0) -> 0 | AJ33: =IFERROR(N(Sessions!CF39),0) -> 0 | AK33: =IFERROR(N(Sessions!CH39),0) -> 0 | AL33: =IFERROR(N(Sessions!F39),0) -> 0 | AM33: =IFERROR(N(Sessions!H39),0) -> 0 | AN33: =IFERROR(N(Sessions!J39),0) -> 0 | AO33: =IFERROR(N(Sessions!M39),0) -> 0 | AP33: =IFERROR(N(Sessions!O39),0) -> 0 | AQ33: =IFERROR(N(Sessions!Q39),0) -> 0 | AR33: =IFERROR(N(Sessions!T39),0) -> 0 | AS33: =IFERROR(N(Sessions!V39),0) -> 0 | AT33: =IFERROR(N(Sessions!X39),0) -> 0 | AU33: =IFERROR(N(Sessions!AA39),0) -> 0 | AV33: =IFERROR(N(Sessions!AC39),0) -> 0 | AW33: =IFERROR(N(Sessions!AE39),0) -> 0 | AX33: =IFERROR(N(Sessions!AH39),0) -> 0 | AY33: =IFERROR(N(Sessions!AJ39),0) -> 0 | AZ33: =IFERROR(N(Sessions!AL39),0) -> 0 | BA33: =IFERROR(N(Sessions!AO39),0) -> 0 | BB33: =IFERROR(N(Sessions!AQ39),0) -> 0 | BC33: =IFERROR(N(Sessions!AS39),0) -> 0 | BD33: =IFERROR(N(Sessions!AV39),0) -> 0 | BE33: =IFERROR(N(Sessions!AX39),0) -> 0 | BF33: =IFERROR(N(Sessions!AZ39),0) -> 0 | BG33: =IFERROR(N(Sessions!BC39),0) -> 0 | BH33: =IFERROR(N(Sessions!BE39),0) -> 0 | BI33: =IFERROR(N(Sessions!BG39),0) -> 0 | BJ33: =IFERROR(N(Sessions!BJ39),0) -> 0 | BK33: =IFERROR(N(Sessions!BL39),0) -> 0 | BL33: =IFERROR(N(Sessions!BN39),0) -> 0 | BM33: =IFERROR(N(Sessions!BQ39),0) -> 0 | BN33: =IFERROR(N(Sessions!BS39),0) -> 0 | BO33: =IFERROR(N(Sessions!BU39),0) -> 0 | BP33: =IFERROR(N(Sessions!BX39),0) -> 0 | BQ33: =IFERROR(N(Sessions!BZ39),0) -> 0 | BR33: =IFERROR(N(Sessions!CB39),0) -> 0 | BS33: =IFERROR(N(Sessions!CE39),0) -> 0 | BT33: =IFERROR(N(Sessions!CG39),0) -> 0 | BU33: =IFERROR(N(Sessions!CI39),0) -> 0 | BV33: =IF(B33=0,0,IFERROR(N(Sessions!D39),0)) -> 0 | BW33: =IF(C33=0,0,IFERROR(N(Sessions!D39),0)) -> 0 | BX33: =IF(D33=0,0,IFERROR(N(Sessions!D39),0)) -> 0 | BY33: =IF(E33=0,0,IFERROR(N(Sessions!K39),0)) -> 0 | BZ33: =IF(F33=0,0,IFERROR(N(Sessions!K39),0)) -> 0 | CA33: =IF(G33=0,0,IFERROR(N(Sessions!K39),0)) -> 0 | CB33: =IF(H33=0,0,IFERROR(N(Sessions!R39),0)) -> 0 | CC33: =IF(I33=0,0,IFERROR(N(Sessions!R39),0)) -> 0 | CD33: =IF(J33=0,0,IFERROR(N(Sessions!R39),0)) -> 0 | CE33: =IF(K33=0,0,IFERROR(N(Sessions!Y39),0)) -> 0 | CF33: =IF(L33=0,0,IFERROR(N(Sessions!Y39),0)) -> 0 | CG33: =IF(M33=0,0,IFERROR(N(Sessions!Y39),0)) -> 0 | CH33: =IF(N33=0,0,IFERROR(N(Sessions!AF39),0)) -> 0 | CI33: =IF(O33=0,0,IFERROR(N(Sessions!AF39),0)) -> 0 | CJ33: =IF(P33=0,0,IFERROR(N(Sessions!AF39),0)) -> 0 | CK33: =IF(Q33=0,0,IFERROR(N(Sessions!AM39),0)) -> 0 | CL33: =IF(R33=0,0,IFERROR(N(Sessions!AM39),0)) -> 0 | CM33: =IF(S33=0,0,IFERROR(N(Sessions!AM39),0)) -> 0 | CN33: =IF(T33=0,0,IFERROR(N(Sessions!AT39),0)) -> 0 | CO33: =IF(U33=0,0,IFERROR(N(Sessions!AT39),0)) -> 0 | CP33: =IF(V33=0,0,IFERROR(N(Sessions!AT39),0)) -> 0 | CQ33: =IF(W33=0,0,IFERROR(N(Sessions!BA39),0)) -> 0 | CR33: =IF(X33=0,0,IFERROR(N(Sessions!BA39),0)) -> 0 | CS33: =IF(Y33=0,0,IFERROR(N(Sessions!BA39),0)) -> 0 | CT33: =IF(Z33=0,0,IFERROR(N(Sessions!BH39),0)) -> 0 | CU33: =IF(AA33=0,0,IFERROR(N(Sessions!BH39),0)) -> 0 | CV33: =IF(AB33=0,0,IFERROR(N(Sessions!BH39),0)) -> 0 | CW33: =IF(AC33=0,0,IFERROR(N(Sessions!BO39),0)) -> 0 | CX33: =IF(AD33=0,0,IFERROR(N(Sessions!BO39),0)) -> 0 | CY33: =IF(AE33=0,0,IFERROR(N(Sessions!BO39),0)) -> 0 | CZ33: =IF(AF33=0,0,IFERROR(N(Sessions!BV39),0)) -> 0 | DA33: =IF(AG33=0,0,IFERROR(N(Sessions!BV39),0)) -> 0 | DB33: =IF(AH33=0,0,IFERROR(N(Sessions!BV39),0)) -> 0 | DC33: =IF(AI33=0,0,IFERROR(N(Sessions!CC39),0)) -> 0 | DD33: =IF(AJ33=0,0,IFERROR(N(Sessions!CC39),0)) -> 0 | DE33: =IF(AK33=0,0,IFERROR(N(Sessions!CC39),0)) -> 0 | DF33: =B33*100000+AL33 -> 2000000 | DG33: =C33*100000+AM33 -> 0 | DH33: =D33*100000+AN33 -> 0 | DI33: =E33*100000+AO33 -> 0 | DJ33: =F33*100000+AP33 -> 0 | DK33: =G33*100000+AQ33 -> 0 | DL33: =H33*100000+AR33 -> 0 | DM33: =I33*100000+AS33 -> 0 | ... EO33: =AK33*100000+BU33 -> 0
A34: =Sessions!B40 -> Single Leg Press | B34: =IFERROR(N(Sessions!E40),0) -> 30 | C34: =IFERROR(N(Sessions!G40),0) -> 0 | D34: =IFERROR(N(Sessions!I40),0) -> 0 | E34: =IFERROR(N(Sessions!L40),0) -> 0 | F34: =IFERROR(N(Sessions!N40),0) -> 0 | G34: =IFERROR(N(Sessions!P40),0) -> 0 | H34: =IFERROR(N(Sessions!S40),0) -> 0 | I34: =IFERROR(N(Sessions!U40),0) -> 0 | J34: =IFERROR(N(Sessions!W40),0) -> 0 | K34: =IFERROR(N(Sessions!Z40),0) -> 0 | L34: =IFERROR(N(Sessions!AB40),0) -> 0 | M34: =IFERROR(N(Sessions!AD40),0) -> 0 | N34: =IFERROR(N(Sessions!AG40),0) -> 0 | O34: =IFERROR(N(Sessions!AI40),0) -> 0 | P34: =IFERROR(N(Sessions!AK40),0) -> 0 | Q34: =IFERROR(N(Sessions!AN40),0) -> 0 | R34: =IFERROR(N(Sessions!AP40),0) -> 0 | S34: =IFERROR(N(Sessions!AR40),0) -> 0 | T34: =IFERROR(N(Sessions!AU40),0) -> 0 | U34: =IFERROR(N(Sessions!AW40),0) -> 0 | V34: =IFERROR(N(Sessions!AY40),0) -> 0 | W34: =IFERROR(N(Sessions!BB40),0) -> 0 | X34: =IFERROR(N(Sessions!BD40),0) -> 0 | Y34: =IFERROR(N(Sessions!BF40),0) -> 0 | Z34: =IFERROR(N(Sessions!BI40),0) -> 0 | AA34: =IFERROR(N(Sessions!BK40),0) -> 0 | AB34: =IFERROR(N(Sessions!BM40),0) -> 0 | AC34: =IFERROR(N(Sessions!BP40),0) -> 0 | AD34: =IFERROR(N(Sessions!BR40),0) -> 0 | AE34: =IFERROR(N(Sessions!BT40),0) -> 0 | AF34: =IFERROR(N(Sessions!BW40),0) -> 0 | AG34: =IFERROR(N(Sessions!BY40),0) -> 0 | AH34: =IFERROR(N(Sessions!CA40),0) -> 0 | AI34: =IFERROR(N(Sessions!CD40),0) -> 0 | AJ34: =IFERROR(N(Sessions!CF40),0) -> 0 | AK34: =IFERROR(N(Sessions!CH40),0) -> 0 | AL34: =IFERROR(N(Sessions!F40),0) -> 0 | AM34: =IFERROR(N(Sessions!H40),0) -> 0 | AN34: =IFERROR(N(Sessions!J40),0) -> 0 | AO34: =IFERROR(N(Sessions!M40),0) -> 0 | AP34: =IFERROR(N(Sessions!O40),0) -> 0 | AQ34: =IFERROR(N(Sessions!Q40),0) -> 0 | AR34: =IFERROR(N(Sessions!T40),0) -> 0 | AS34: =IFERROR(N(Sessions!V40),0) -> 0 | AT34: =IFERROR(N(Sessions!X40),0) -> 0 | AU34: =IFERROR(N(Sessions!AA40),0) -> 0 | AV34: =IFERROR(N(Sessions!AC40),0) -> 0 | AW34: =IFERROR(N(Sessions!AE40),0) -> 0 | AX34: =IFERROR(N(Sessions!AH40),0) -> 0 | AY34: =IFERROR(N(Sessions!AJ40),0) -> 0 | AZ34: =IFERROR(N(Sessions!AL40),0) -> 0 | BA34: =IFERROR(N(Sessions!AO40),0) -> 0 | BB34: =IFERROR(N(Sessions!AQ40),0) -> 0 | BC34: =IFERROR(N(Sessions!AS40),0) -> 0 | BD34: =IFERROR(N(Sessions!AV40),0) -> 0 | BE34: =IFERROR(N(Sessions!AX40),0) -> 0 | BF34: =IFERROR(N(Sessions!AZ40),0) -> 0 | BG34: =IFERROR(N(Sessions!BC40),0) -> 0 | BH34: =IFERROR(N(Sessions!BE40),0) -> 0 | BI34: =IFERROR(N(Sessions!BG40),0) -> 0 | BJ34: =IFERROR(N(Sessions!BJ40),0) -> 0 | BK34: =IFERROR(N(Sessions!BL40),0) -> 0 | BL34: =IFERROR(N(Sessions!BN40),0) -> 0 | BM34: =IFERROR(N(Sessions!BQ40),0) -> 0 | BN34: =IFERROR(N(Sessions!BS40),0) -> 0 | BO34: =IFERROR(N(Sessions!BU40),0) -> 0 | BP34: =IFERROR(N(Sessions!BX40),0) -> 0 | BQ34: =IFERROR(N(Sessions!BZ40),0) -> 0 | BR34: =IFERROR(N(Sessions!CB40),0) -> 0 | BS34: =IFERROR(N(Sessions!CE40),0) -> 0 | BT34: =IFERROR(N(Sessions!CG40),0) -> 0 | BU34: =IFERROR(N(Sessions!CI40),0) -> 0 | BV34: =IF(B34=0,0,IFERROR(N(Sessions!D40),0)) -> 0 | BW34: =IF(C34=0,0,IFERROR(N(Sessions!D40),0)) -> 0 | BX34: =IF(D34=0,0,IFERROR(N(Sessions!D40),0)) -> 0 | BY34: =IF(E34=0,0,IFERROR(N(Sessions!K40),0)) -> 0 | BZ34: =IF(F34=0,0,IFERROR(N(Sessions!K40),0)) -> 0 | CA34: =IF(G34=0,0,IFERROR(N(Sessions!K40),0)) -> 0 | CB34: =IF(H34=0,0,IFERROR(N(Sessions!R40),0)) -> 0 | CC34: =IF(I34=0,0,IFERROR(N(Sessions!R40),0)) -> 0 | CD34: =IF(J34=0,0,IFERROR(N(Sessions!R40),0)) -> 0 | CE34: =IF(K34=0,0,IFERROR(N(Sessions!Y40),0)) -> 0 | CF34: =IF(L34=0,0,IFERROR(N(Sessions!Y40),0)) -> 0 | CG34: =IF(M34=0,0,IFERROR(N(Sessions!Y40),0)) -> 0 | CH34: =IF(N34=0,0,IFERROR(N(Sessions!AF40),0)) -> 0 | CI34: =IF(O34=0,0,IFERROR(N(Sessions!AF40),0)) -> 0 | CJ34: =IF(P34=0,0,IFERROR(N(Sessions!AF40),0)) -> 0 | CK34: =IF(Q34=0,0,IFERROR(N(Sessions!AM40),0)) -> 0 | CL34: =IF(R34=0,0,IFERROR(N(Sessions!AM40),0)) -> 0 | CM34: =IF(S34=0,0,IFERROR(N(Sessions!AM40),0)) -> 0 | CN34: =IF(T34=0,0,IFERROR(N(Sessions!AT40),0)) -> 0 | CO34: =IF(U34=0,0,IFERROR(N(Sessions!AT40),0)) -> 0 | CP34: =IF(V34=0,0,IFERROR(N(Sessions!AT40),0)) -> 0 | CQ34: =IF(W34=0,0,IFERROR(N(Sessions!BA40),0)) -> 0 | CR34: =IF(X34=0,0,IFERROR(N(Sessions!BA40),0)) -> 0 | CS34: =IF(Y34=0,0,IFERROR(N(Sessions!BA40),0)) -> 0 | CT34: =IF(Z34=0,0,IFERROR(N(Sessions!BH40),0)) -> 0 | CU34: =IF(AA34=0,0,IFERROR(N(Sessions!BH40),0)) -> 0 | CV34: =IF(AB34=0,0,IFERROR(N(Sessions!BH40),0)) -> 0 | CW34: =IF(AC34=0,0,IFERROR(N(Sessions!BO40),0)) -> 0 | CX34: =IF(AD34=0,0,IFERROR(N(Sessions!BO40),0)) -> 0 | CY34: =IF(AE34=0,0,IFERROR(N(Sessions!BO40),0)) -> 0 | CZ34: =IF(AF34=0,0,IFERROR(N(Sessions!BV40),0)) -> 0 | DA34: =IF(AG34=0,0,IFERROR(N(Sessions!BV40),0)) -> 0 | DB34: =IF(AH34=0,0,IFERROR(N(Sessions!BV40),0)) -> 0 | DC34: =IF(AI34=0,0,IFERROR(N(Sessions!CC40),0)) -> 0 | DD34: =IF(AJ34=0,0,IFERROR(N(Sessions!CC40),0)) -> 0 | DE34: =IF(AK34=0,0,IFERROR(N(Sessions!CC40),0)) -> 0 | DF34: =B34*100000+AL34 -> 3000000 | DG34: =C34*100000+AM34 -> 0 | DH34: =D34*100000+AN34 -> 0 | DI34: =E34*100000+AO34 -> 0 | DJ34: =F34*100000+AP34 -> 0 | DK34: =G34*100000+AQ34 -> 0 | DL34: =H34*100000+AR34 -> 0 | DM34: =I34*100000+AS34 -> 0 | ... EO34: =AK34*100000+BU34 -> 0
